Workbook

Sheet Изчисления
A1: ІІ. Изчисление и топлотехническа оценка на сградата
A2: 1.Геометрични характеристики на сградата
O3: дълж на топлинен мост на стени
A4: Описание на геометрията на сградата
C5: Af | E5: h | F5: V | G5: P | H5: Aок | I5: Аерк | J5: Lерк | K5: n
C6: m2 | E6: m | F6: m3 | G6: m | H6: m2 | I6: m2 | J6: m | K6: бр
A7: I етаж | F7: =E7*C7 -> 0 | G7: =L31 -> 0 | H7: =G7*E7 -> 0 | O7: =K7*E7 -> 0
A8: ІІ етаж | F8: =E8*C8 -> 0 | G8: =L32 -> 0 | H8: =G8*E8 -> 0 | O8: =K8*E8 -> 0
A9: ІІІ етаж | F9: =E9*C9 -> 0 | G9: =L33 -> 0 | H9: =G9*E9 -> 0 | O9: =K9*E9 -> 0
A10: ІV етаж | F10: =E10*C10 -> 0 | G10: =L34 -> 0 | H10: =G10*E10 -> 0 | O10: =K10*E10 -> 0
A11: V етаж | F11: =E11*C11 -> 0 | G11: =L35 -> 0 | H11: =G11*E11 -> 0 | O11: =K11*E11 -> 0
A12: VІ етаж | F12: =E12*C12 -> 0 | G12: =L36 -> 0 | H12: =G12*E12 -> 0 | O12: =K12*E12 -> 0
A13: VІІ етаж | F13: =E13*C13 -> 0 | G13: =L37 -> 0 | H13: =G13*E13 -> 0 | O13: =K13*E13 -> 0
A14: VІІІ етаж | F14: =E14*C14 -> 0 | G14: =L38 -> 0 | H14: =G14*E14 -> 0 | O14: =K14*E14 -> 0
F15: =E15*C15 -> 0 | G15: =L39 -> 0 | H15: =G15*E15 -> 0 | O15: =K15*E15 -> 0
F16: =E16*C16 -> 0 | G16: =L40 -> 0 | H16: =G16*E16 -> 0 | O16: =K16*E16 -> 0
F17: =E17*C17 -> 0 | G17: =L41 -> 0 | H17: =G17*E17 -> 0 | O17: =K17*E17 -> 0
F18: =E18*C18 -> 0 | G18: =L42 -> 0 | H18: =G18*E18 -> 0
F19: =E19*C19 -> 0 | G19: =L43 -> 0 | H19: =G19*E19 -> 0
F20: =E20*C20 -> 0 | G20: =L44 -> 0 | H20: =G20*E20 -> 0
F21: =E21*C21 -> 0 | G21: =L45 -> 0 | H21: =G21*E21 -> 0
F22: =E22*C22 -> 0 | G22: =L46 -> 0 | H22: =G22*E22 -> 0
F23: =E23*C23 -> 0 | G23: =L47 -> 0 | H23: =G23*E23 -> 0
F24: =E24*C24 -> 0 | G24: =L48 -> 0 | H24: =G24*E24 -> 0 | O24: =K24*E24 -> 0
A25: Общо | C25: =SUM(C7:C24) -> 0 | F25: =SUM(F7:F24) -> 0 | G25: =SUM(G7:G24) -> 0 | H25: =SUM(H7:H24) -> 0 | I25: =SUM(I7:I24) -> 0 | J25: =SUM(J7:J24) -> 0 | O25: =SUM(O7:P24) -> 0
A27: Описание на стените по фасади (включително прозорци и врати)
C28: h | D28: Дължина на фасадите | L28: Периметър
D29: С | E29: СИ | F29: И | G29: ЮИ | H29: Ю | I29: ЮЗ | J29: З | K29: СЗ | N29: С | O29: СИ | P29: И | Q29: ЮИ | R29: Ю | S29: ЮЗ | T29: З | U29: СЗ
C30: m | D30: m | E30: m | F30: m | G30: m | H30: m | I30: m | J30: m | K30: m | L30: m | N30: m2 | O30: m2 | P30: m2 | Q30: m2 | R30: m2 | S30: m2 | T30: m2 | U30: m2
A31: =IF(A7="","",A7) -> I етаж | C31: =E7 -> 0 | L31: =SUM(D31:K31) -> 0 | N31: =D31*$C31 -> 0 | O31: =E31*$C31 -> 0 | P31: =F31*$C31 -> 0 | Q31: =G31*$C31 -> 0 | R31: =H31*$C31 -> 0 | S31: =I31*$C31 -> 0 | T31: =J31*$C31 -> 0 | U31: =K31*$C31 -> 0
A32: =IF(A8="","",A8) -> ІІ етаж | C32: =E8 -> 0 | L32: =SUM(D32:K32) -> 0 | N32: =D32*$C32 -> 0 | O32: =E32*$C32 -> 0 | P32: =F32*$C32 -> 0 | Q32: =G32*$C32 -> 0 | R32: =H32*$C32 -> 0 | S32: =I32*$C32 -> 0 | T32: =J32*$C32 -> 0 | U32: =K32*$C32 -> 0
A33: =IF(A9="","",A9) -> ІІІ етаж | C33: =E9 -> 0 | L33: =SUM(D33:K33) -> 0 | N33: =D33*$C33 -> 0 | O33: =E33*$C33 -> 0 | P33: =F33*$C33 -> 0 | Q33: =G33*$C33 -> 0 | R33: =H33*$C33 -> 0 | S33: =I33*$C33 -> 0 | T33: =J33*$C33 -> 0 | U33: =K33*$C33 -> 0
A34: =IF(A10="","",A10) -> ІV етаж | C34: =E10 -> 0 | L34: =SUM(D34:K34) -> 0 | N34: =D34*$C34 -> 0 | O34: =E34*$C34 -> 0 | P34: =F34*$C34 -> 0 | Q34: =G34*$C34 -> 0 | R34: =H34*$C34 -> 0 | S34: =I34*$C34 -> 0 | T34: =J34*$C34 -> 0 | U34: =K34*$C34 -> 0
A35: =IF(A11="","",A11) -> V етаж | C35: =E11 -> 0 | L35: =SUM(D35:K35) -> 0 | N35: =D35*$C35 -> 0 | O35: =E35*$C35 -> 0 | P35: =F35*$C35 -> 0 | Q35: =G35*$C35 -> 0 | R35: =H35*$C35 -> 0 | S35: =I35*$C35 -> 0 | T35: =J35*$C35 -> 0 | U35: =K35*$C35 -> 0
A36: =IF(A12="","",A12) -> VІ етаж | C36: =E12 -> 0 | L36: =SUM(D36:K36) -> 0 | N36: =D36*$C36 -> 0 | O36: =E36*$C36 -> 0 | P36: =F36*$C36 -> 0 | Q36: =G36*$C36 -> 0 | R36: =H36*$C36 -> 0 | S36: =I36*$C36 -> 0 | T36: =J36*$C36 -> 0 | U36: =K36*$C36 -> 0
A37: =IF(A13="","",A13) -> VІІ етаж | C37: =E13 -> 0 | L37: =SUM(D37:K37) -> 0 | N37: =D37*$C37 -> 0 | O37: =E37*$C37 -> 0 | P37: =F37*$C37 -> 0 | Q37: =G37*$C37 -> 0 | R37: =H37*$C37 -> 0 | S37: =I37*$C37 -> 0 | T37: =J37*$C37 -> 0 | U37: =K37*$C37 -> 0
A38: =IF(A14="","",A14) -> VІІІ етаж | C38: =E14 -> 0 | L38: =SUM(D38:K38) -> 0 | N38: =D38*$C38 -> 0 | O38: =E38*$C38 -> 0 | P38: =F38*$C38 -> 0 | Q38: =G38*$C38 -> 0 | R38: =H38*$C38 -> 0 | S38: =I38*$C38 -> 0 | T38: =J38*$C38 -> 0 | U38: =K38*$C38 -> 0
A39: =IF(A15="","",A15) | C39: =E15 -> 0 | L39: =SUM(D39:K39) -> 0 | N39: =D39*$C39 -> 0 | O39: =E39*$C39 -> 0 | P39: =F39*$C39 -> 0 | Q39: =G39*$C39 -> 0 | R39: =H39*$C39 -> 0 | S39: =I39*$C39 -> 0 | T39: =J39*$C39 -> 0 | U39: =K39*$C39 -> 0
A40: =IF(A16="","",A16) | C40: =E16 -> 0 | L40: =SUM(D40:K40) -> 0 | N40: =D40*$C40 -> 0 | O40: =E40*$C40 -> 0 | P40: =F40*$C40 -> 0 | Q40: =G40*$C40 -> 0 | R40: =H40*$C40 -> 0 | S40: =I40*$C40 -> 0 | T40: =J40*$C40 -> 0 | U40: =K40*$C40 -> 0
A41: =IF(A17="","",A17) | C41: =E17 -> 0 | L41: =SUM(D41:K41) -> 0 | N41: =D41*$C41 -> 0 | O41: =E41*$C41 -> 0 | P41: =F41*$C41 -> 0 | Q41: =G41*$C41 -> 0 | R41: =H41*$C41 -> 0 | S41: =I41*$C41 -> 0 | T41: =J41*$C41 -> 0 | U41: =K41*$C41 -> 0
A42: =IF(A18="","",A18) | C42: =E18 -> 0 | L42: =SUM(D42:K42) -> 0 | N42: =D42*$C42 -> 0 | O42: =E42*$C42 -> 0 | P42: =F42*$C42 -> 0 | Q42: =G42*$C42 -> 0 | R42: =H42*$C42 -> 0 | S42: =I42*$C42 -> 0 | T42: =J42*$C42 -> 0 | U42: =K42*$C42 -> 0
... A48: =IF(A24="","",A24) | C48: =E24 -> 0 | L48: =SUM(D48:K48) -> 0 | N48: =D48*$C48 -> 0 | O48: =E48*$C48 -> 0 | P48: =F48*$C48 -> 0 | Q48: =G48*$C48 -> 0 | R48: =H48*$C48 -> 0 | S48: =I48*$C48 -> 0 | T48: =J48*$C48 -> 0 | U48: =K48*$C48 -> 0
A49: Обща площ фасади, м2 | D49: =N49-D534 -> 0 | E49: =O49-E534 -> 0 | F49: =P49-F534 -> 0 | G49: =Q49-G534 -> 0 | H49: =R49-H534 -> 0 | I49: =S49-I534 -> 0 | J49: =T49-J534 -> 0 | K49: =U49-K534 -> 0 | L49: =SUM(L31:L48) -> 0 | N49: =SUM(N31:N48) -> 0 | O49: =SUM(O31:O48) -> 0 | P49: =SUM(P31:P48) -> 0 | Q49: =SUM(Q31:Q48) -> 0 | R49: =SUM(R31:R48) -> 0 | S49: =SUM(S31:S48) -> 0 | T49: =SUM(T31:T48) -> 0 | U49: =SUM(U31:U48) -> 0
A50: Стени без проз и вр, м2 | D50: =D49-D92-D134 -> 0 | E50: =E49-E92-E134 -> 0 | F50: =F49-F92-F134 -> 0 | G50: =G49-G92-G134 -> 0 | H50: =H49-H92-H134 -> 0 | I50: =I49-I92-I134 -> 0 | J50: =J49-J92-J134 -> 0 | K50: =K49-K92-K134 -> 0
A52: Описание на прозрачни врати и прозорци по типове и фасади | J52: Uпр= | K52: 1.4 | L52: W/m2K
A53: № | B53: Геометрия | D53: Фасади | X53: Дължина
D54: С | E54: СИ | F54: И | G54: ЮИ | H54: Ю | I54: ЮЗ | J54: З | K54: СЗ | L54: Хориз | N54: С | O54: СИ | P54: И | Q54: ЮИ | R54: Ю | S54: ЮЗ | T54: З | U54: СЗ | V54: Хор | W54: Обща площ
B55: a | C55: b | D55: n | E55: n | F55: n | G55: n | H55: n | I55: n | J55: n | K55: n | L55: n | N55: A | O55: A | P55: A | Q55: A | R55: A | S55: A | T55: A | U55: A | V55: A
A56: - | B56: m | C56: m | D56: бр. | E56: бр. | F56: бр. | G56: бр. | H56: бр. | I56: бр. | J56: бр. | K56: бр. | L56: бр. | N56: m2 | O56: m2 | P56: m2 | Q56: m2 | R56: m2 | S56: m2 | T56: m2 | U56: m2 | V56: m2 | W56: m2 | X56: m
A57: 1 | N57: =$B57*$C57*D57 -> 0 | O57: =$B57*$C57*E57 -> 0 | P57: =$B57*$C57*F57 -> 0 | Q57: =$B57*$C57*G57 -> 0 | R57: =$B57*$C57*H57 -> 0 | S57: =$B57*$C57*I57 -> 0 | T57: =$B57*$C57*J57 -> 0 | U57: =$B57*$C57*K57 -> 0 | V57: =$B57*$C57*L57 -> 0 | W57: =SUM(D57:L57)*C57*B57 -> 0 | X57: =(B57+C57)*2*SUM(D57:L57) -> 0 | Y57: =AND(B57<>0,C57<>0) -> FALSE | Z57: =OR(D57:L57) -> #VALUE!
A58: 2 | N58: =$B58*$C58*D58 -> 0 | O58: =$B58*$C58*E58 -> 0 | P58: =$B58*$C58*F58 -> 0 | Q58: =$B58*$C58*G58 -> 0 | R58: =$B58*$C58*H58 -> 0 | S58: =$B58*$C58*I58 -> 0 | T58: =$B58*$C58*J58 -> 0 | U58: =$B58*$C58*K58 -> 0 | V58: =$B58*$C58*L58 -> 0 | W58: =SUM(D58:L58)*C58*B58 -> 0 | X58: =(B58+C58)*2*SUM(D58:L58) -> 0 | Y58: =AND(B58<>0,C58<>0) -> FALSE | Z58: =OR(D58:L58) -> #VALUE!
A59: 3 | N59: =$B59*$C59*D59 -> 0 | O59: =$B59*$C59*E59 -> 0 | P59: =$B59*$C59*F59 -> 0 | Q59: =$B59*$C59*G59 -> 0 | R59: =$B59*$C59*H59 -> 0 | S59: =$B59*$C59*I59 -> 0 | T59: =$B59*$C59*J59 -> 0 | U59: =$B59*$C59*K59 -> 0 | V59: =$B59*$C59*L59 -> 0 | W59: =SUM(D59:L59)*C59*B59 -> 0 | X59: =(B59+C59)*2*SUM(D59:L59) -> 0 | Y59: =AND(B59<>0,C59<>0) -> FALSE | Z59: =OR(D59:L59) -> #VALUE!
A60: 4 | N60: =$B60*$C60*D60 -> 0 | O60: =$B60*$C60*E60 -> 0 | P60: =$B60*$C60*F60 -> 0 | Q60: =$B60*$C60*G60 -> 0 | R60: =$B60*$C60*H60 -> 0 | S60: =$B60*$C60*I60 -> 0 | T60: =$B60*$C60*J60 -> 0 | U60: =$B60*$C60*K60 -> 0 | V60: =$B60*$C60*L60 -> 0 | W60: =SUM(D60:L60)*C60*B60 -> 0 | X60: =(B60+C60)*2*SUM(D60:L60) -> 0 | Y60: =AND(B60<>0,C60<>0) -> FALSE | Z60: =OR(D60:L60) -> #VALUE!
A61: 5 | N61: =$B61*$C61*D61 -> 0 | O61: =$B61*$C61*E61 -> 0 | P61: =$B61*$C61*F61 -> 0 | Q61: =$B61*$C61*G61 -> 0 | R61: =$B61*$C61*H61 -> 0 | S61: =$B61*$C61*I61 -> 0 | T61: =$B61*$C61*J61 -> 0 | U61: =$B61*$C61*K61 -> 0 | V61: =$B61*$C61*L61 -> 0 | W61: =SUM(D61:L61)*C61*B61 -> 0 | X61: =(B61+C61)*2*SUM(D61:L61) -> 0 | Y61: =AND(B61<>0,C61<>0) -> FALSE | Z61: =OR(D61:L61) -> #VALUE!
A62: 6 | N62: =$B62*$C62*D62 -> 0 | O62: =$B62*$C62*E62 -> 0 | P62: =$B62*$C62*F62 -> 0 | Q62: =$B62*$C62*G62 -> 0 | R62: =$B62*$C62*H62 -> 0 | S62: =$B62*$C62*I62 -> 0 | T62: =$B62*$C62*J62 -> 0 | U62: =$B62*$C62*K62 -> 0 | V62: =$B62*$C62*L62 -> 0 | W62: =SUM(D62:L62)*C62*B62 -> 0 | X62: =(B62+C62)*2*SUM(D62:L62) -> 0 | Y62: =AND(B62<>0,C62<>0) -> FALSE | Z62: =OR(D62:L62) -> #VALUE!
A63: 7 | N63: =$B63*$C63*D63 -> 0 | O63: =$B63*$C63*E63 -> 0 | P63: =$B63*$C63*F63 -> 0 | Q63: =$B63*$C63*G63 -> 0 | R63: =$B63*$C63*H63 -> 0 | S63: =$B63*$C63*I63 -> 0 | T63: =$B63*$C63*J63 -> 0 | U63: =$B63*$C63*K63 -> 0 | V63: =$B63*$C63*L63 -> 0 | W63: =SUM(D63:L63)*C63*B63 -> 0 | X63: =(B63+C63)*2*SUM(D63:L63) -> 0 | Y63: =AND(B63<>0,C63<>0) -> FALSE | Z63: =OR(D63:L63) -> #VALUE!
A64: 8 | N64: =$B64*$C64*D64 -> 0 | O64: =$B64*$C64*E64 -> 0 | P64: =$B64*$C64*F64 -> 0 | Q64: =$B64*$C64*G64 -> 0 | R64: =$B64*$C64*H64 -> 0 | S64: =$B64*$C64*I64 -> 0 | T64: =$B64*$C64*J64 -> 0 | U64: =$B64*$C64*K64 -> 0 | V64: =$B64*$C64*L64 -> 0 | W64: =SUM(D64:L64)*C64*B64 -> 0 | X64: =(B64+C64)*2*SUM(D64:L64) -> 0 | Y64: =AND(B64<>0,C64<>0) -> FALSE | Z64: =OR(D64:L64) -> #VALUE!
A65: 9 | N65: =$B65*$C65*D65 -> 0 | O65: =$B65*$C65*E65 -> 0 | P65: =$B65*$C65*F65 -> 0 | Q65: =$B65*$C65*G65 -> 0 | R65: =$B65*$C65*H65 -> 0 | S65: =$B65*$C65*I65 -> 0 | T65: =$B65*$C65*J65 -> 0 | U65: =$B65*$C65*K65 -> 0 | V65: =$B65*$C65*L65 -> 0 | W65: =SUM(D65:L65)*C65*B65 -> 0 | X65: =(B65+C65)*2*SUM(D65:L65) -> 0 | Y65: =AND(B65<>0,C65<>0) -> FALSE | Z65: =OR(D65:L65) -> #VALUE!
A66: 10 | N66: =$B66*$C66*D66 -> 0 | O66: =$B66*$C66*E66 -> 0 | P66: =$B66*$C66*F66 -> 0 | Q66: =$B66*$C66*G66 -> 0 | R66: =$B66*$C66*H66 -> 0 | S66: =$B66*$C66*I66 -> 0 | T66: =$B66*$C66*J66 -> 0 | U66: =$B66*$C66*K66 -> 0 | V66: =$B66*$C66*L66 -> 0 | W66: =SUM(D66:L66)*C66*B66 -> 0 | X66: =(B66+C66)*2*SUM(D66:L66) -> 0 | Y66: =AND(B66<>0,C66<>0) -> FALSE | Z66: =OR(D66:L66) -> #VALUE!
A67: 11 | N67: =$B67*$C67*D67 -> 0 | O67: =$B67*$C67*E67 -> 0 | P67: =$B67*$C67*F67 -> 0 | Q67: =$B67*$C67*G67 -> 0 | R67: =$B67*$C67*H67 -> 0 | S67: =$B67*$C67*I67 -> 0 | T67: =$B67*$C67*J67 -> 0 | U67: =$B67*$C67*K67 -> 0 | V67: =$B67*$C67*L67 -> 0 | W67: =SUM(D67:L67)*C67*B67 -> 0 | X67: =(B67+C67)*2*SUM(D67:L67) -> 0 | Y67: =AND(B67<>0,C67<>0) -> FALSE | Z67: =OR(D67:L67) -> #VALUE!
A68: 12 | N68: =$B68*$C68*D68 -> 0 | O68: =$B68*$C68*E68 -> 0 | P68: =$B68*$C68*F68 -> 0 | Q68: =$B68*$C68*G68 -> 0 | R68: =$B68*$C68*H68 -> 0 | S68: =$B68*$C68*I68 -> 0 | T68: =$B68*$C68*J68 -> 0 | U68: =$B68*$C68*K68 -> 0 | V68: =$B68*$C68*L68 -> 0 | W68: =SUM(D68:L68)*C68*B68 -> 0 | X68: =(B68+C68)*2*SUM(D68:L68) -> 0 | Y68: =AND(B68<>0,C68<>0) -> FALSE | Z68: =OR(D68:L68) -> #VALUE!
... A91: 35 | N91: =$B91*$C91*D91 -> 0 | O91: =$B91*$C91*E91 -> 0 | P91: =$B91*$C91*F91 -> 0 | Q91: =$B91*$C91*G91 -> 0 | R91: =$B91*$C91*H91 -> 0 | S91: =$B91*$C91*I91 -> 0 | T91: =$B91*$C91*J91 -> 0 | U91: =$B91*$C91*K91 -> 0 | V91: =$B91*$C91*L91 -> 0 | W91: =SUM(D91:L91)*C91*B91 -> 0 | X91: =(B91+C91)*2*SUM(D91:L91) -> 0 | Y91: =AND(B91<>0,C91<>0) -> FALSE | Z91: =OR(D91:L91) -> #VALUE!
A92: Обща площ по фасади | D92: =SUM(N57:N91) -> 0 | E92: =SUM(O57:O91) -> 0 | F92: =SUM(P57:P91) -> 0 | G92: =SUM(Q57:Q91) -> 0 | H92: =SUM(R57:R91) -> 0 | I92: =SUM(S57:S91) -> 0 | J92: =SUM(T57:T91) -> 0 | K92: =SUM(U57:U91) -> 0 | L92: =SUM(V57:V91) -> 0 | Y92: =COUNTIF(Y57:Y91,TRUE) -> 0 | Z92: =COUNTIF(Z57:Z91,TRUE) -> 0
N93: =IF(Y92=Z92,"правилно въведени прозорци","грешно въведени прозорци") -> правилно въведени прозорци
A94: Описание на плътни врати по типове и фасади | J94: Uвр= | K94: 2 | L94: W/m2K
A95: № | B95: Геометрия | D95: Фасади | X95: Дължина
D96: С | E96: СИ | F96: И | G96: ЮИ | H96: Ю | I96: ЮЗ | J96: З | K96: СЗ | L96: Хориз | N96: С | O96: СИ | P96: И | Q96: ЮИ | R96: Ю | S96: ЮЗ | T96: З | U96: СЗ | V96: Хор | W96: Обща площ
B97: a | C97: b | D97: n | E97: n | F97: n | G97: n | H97: n | I97: n | J97: n | K97: n | L97: n | N97: A | O97: A | P97: A | Q97: A | R97: A | S97: A | T97: A | U97: A | V97: A
A98: - | B98: m | C98: m | D98: бр. | E98: бр. | F98: бр. | G98: бр. | H98: бр. | I98: бр. | J98: бр. | K98: бр. | L98: бр. | N98: m2 | O98: m2 | P98: m2 | Q98: m2 | R98: m2 | S98: m2 | T98: m2 | U98: m2 | V98: m2 | W98: m2 | X98: m
A99: 1 | N99: =$B99*$C99*D99 -> 0 | O99: =$B99*$C99*E99 -> 0 | P99: =$B99*$C99*F99 -> 0 | Q99: =$B99*$C99*G99 -> 0 | R99: =$B99*$C99*H99 -> 0 | S99: =$B99*$C99*I99 -> 0 | T99: =$B99*$C99*J99 -> 0 | U99: =$B99*$C99*K99 -> 0 | V99: =$B99*$C99*L99 -> 0 | W99: =SUM(D99:L99)*C99*B99 -> 0 | X99: =(B99+C99)*2*SUM(D99:L99) -> 0 | Y99: =AND(B99<>0,C99<>0) -> FALSE | Z99: =OR(D99:L99) -> #VALUE!
A100: 2 | N100: =$B100*$C100*D100 -> 0 | O100: =$B100*$C100*E100 -> 0 | P100: =$B100*$C100*F100 -> 0 | Q100: =$B100*$C100*G100 -> 0 | R100: =$B100*$C100*H100 -> 0 | S100: =$B100*$C100*I100 -> 0 | T100: =$B100*$C100*J100 -> 0 | U100: =$B100*$C100*K100 -> 0 | V100: =$B100*$C100*L100 -> 0 | W100: =SUM(D100:L100)*C100*B100 -> 0 | X100: =(B100+C100)*2*SUM(D100:L100) -> 0 | Y100: =AND(B100<>0,C100<>0) -> FALSE | Z100: =OR(D100:L100) -> #VALUE!
A101: 3 | N101: =$B101*$C101*D101 -> 0 | O101: =$B101*$C101*E101 -> 0 | P101: =$B101*$C101*F101 -> 0 | Q101: =$B101*$C101*G101 -> 0 | R101: =$B101*$C101*H101 -> 0 | S101: =$B101*$C101*I101 -> 0 | T101: =$B101*$C101*J101 -> 0 | U101: =$B101*$C101*K101 -> 0 | V101: =$B101*$C101*L101 -> 0 | W101: =SUM(D101:L101)*C101*B101 -> 0 | X101: =(B101+C101)*2*SUM(D101:L101) -> 0 | Y101: =AND(B101<>0,C101<>0) -> FALSE | Z101: =OR(D101:L101) -> #VALUE!
A102: 4 | N102: =$B102*$C102*D102 -> 0 | O102: =$B102*$C102*E102 -> 0 | P102: =$B102*$C102*F102 -> 0 | Q102: =$B102*$C102*G102 -> 0 | R102: =$B102*$C102*H102 -> 0 | S102: =$B102*$C102*I102 -> 0 | T102: =$B102*$C102*J102 -> 0 | U102: =$B102*$C102*K102 -> 0 | V102: =$B102*$C102*L102 -> 0 | W102: =SUM(D102:L102)*C102*B102 -> 0 | X102: =(B102+C102)*2*SUM(D102:L102) -> 0 | Y102: =AND(B102<>0,C102<>0) -> FALSE | Z102: =OR(D102:L102) -> #VALUE!
A103: 5 | N103: =$B103*$C103*D103 -> 0 | O103: =$B103*$C103*E103 -> 0 | P103: =$B103*$C103*F103 -> 0 | Q103: =$B103*$C103*G103 -> 0 | R103: =$B103*$C103*H103 -> 0 | S103: =$B103*$C103*I103 -> 0 | T103: =$B103*$C103*J103 -> 0 | U103: =$B103*$C103*K103 -> 0 | V103: =$B103*$C103*L103 -> 0 | W103: =SUM(D103:L103)*C103*B103 -> 0 | X103: =(B103+C103)*2*SUM(D103:L103) -> 0 | Y103: =AND(B103<>0,C103<>0) -> FALSE | Z103: =OR(D103:L103) -> #VALUE!
A104: 6 | N104: =$B104*$C104*D104 -> 0 | O104: =$B104*$C104*E104 -> 0 | P104: =$B104*$C104*F104 -> 0 | Q104: =$B104*$C104*G104 -> 0 | R104: =$B104*$C104*H104 -> 0 | S104: =$B104*$C104*I104 -> 0 | T104: =$B104*$C104*J104 -> 0 | U104: =$B104*$C104*K104 -> 0 | V104: =$B104*$C104*L104 -> 0 | W104: =SUM(D104:L104)*C104*B104 -> 0 | X104: =(B104+C104)*2*SUM(D104:L104) -> 0 | Y104: =AND(B104<>0,C104<>0) -> FALSE | Z104: =OR(D104:L104) -> #VALUE!
A105: 7 | N105: =$B105*$C105*D105 -> 0 | O105: =$B105*$C105*E105 -> 0 | P105: =$B105*$C105*F105 -> 0 | Q105: =$B105*$C105*G105 -> 0 | R105: =$B105*$C105*H105 -> 0 | S105: =$B105*$C105*I105 -> 0 | T105: =$B105*$C105*J105 -> 0 | U105: =$B105*$C105*K105 -> 0 | V105: =$B105*$C105*L105 -> 0 | W105: =SUM(D105:L105)*C105*B105 -> 0 | X105: =(B105+C105)*2*SUM(D105:L105) -> 0 | Y105: =AND(B105<>0,C105<>0) -> FALSE | Z105: =OR(D105:L105) -> #VALUE!
A106: 8 | N106: =$B106*$C106*D106 -> 0 | O106: =$B106*$C106*E106 -> 0 | P106: =$B106*$C106*F106 -> 0 | Q106: =$B106*$C106*G106 -> 0 | R106: =$B106*$C106*H106 -> 0 | S106: =$B106*$C106*I106 -> 0 | T106: =$B106*$C106*J106 -> 0 | U106: =$B106*$C106*K106 -> 0 | V106: =$B106*$C106*L106 -> 0 | W106: =SUM(D106:L106)*C106*B106 -> 0 | X106: =(B106+C106)*2*SUM(D106:L106) -> 0 | Y106: =AND(B106<>0,C106<>0) -> FALSE | Z106: =OR(D106:L106) -> #VALUE!
A107: 9 | N107: =$B107*$C107*D107 -> 0 | O107: =$B107*$C107*E107 -> 0 | P107: =$B107*$C107*F107 -> 0 | Q107: =$B107*$C107*G107 -> 0 | R107: =$B107*$C107*H107 -> 0 | S107: =$B107*$C107*I107 -> 0 | T107: =$B107*$C107*J107 -> 0 | U107: =$B107*$C107*K107 -> 0 | V107: =$B107*$C107*L107 -> 0 | W107: =SUM(D107:L107)*C107*B107 -> 0 | X107: =(B107+C107)*2*SUM(D107:L107) -> 0 | Y107: =AND(B107<>0,C107<>0) -> FALSE | Z107: =OR(D107:L107) -> #VALUE!
A108: 10 | N108: =$B108*$C108*D108 -> 0 | O108: =$B108*$C108*E108 -> 0 | P108: =$B108*$C108*F108 -> 0 | Q108: =$B108*$C108*G108 -> 0 | R108: =$B108*$C108*H108 -> 0 | S108: =$B108*$C108*I108 -> 0 | T108: =$B108*$C108*J108 -> 0 | U108: =$B108*$C108*K108 -> 0 | V108: =$B108*$C108*L108 -> 0 | W108: =SUM(D108:L108)*C108*B108 -> 0 | X108: =(B108+C108)*2*SUM(D108:L108) -> 0 | Y108: =AND(B108<>0,C108<>0) -> FALSE | Z108: =OR(D108:L108) -> #VALUE!
A109: 11 | N109: =$B109*$C109*D109 -> 0 | O109: =$B109*$C109*E109 -> 0 | P109: =$B109*$C109*F109 -> 0 | Q109: =$B109*$C109*G109 -> 0 | R109: =$B109*$C109*H109 -> 0 | S109: =$B109*$C109*I109 -> 0 | T109: =$B109*$C109*J109 -> 0 | U109: =$B109*$C109*K109 -> 0 | V109: =$B109*$C109*L109 -> 0 | W109: =SUM(D109:L109)*C109*B109 -> 0 | X109: =(B109+C109)*2*SUM(D109:L109) -> 0 | Y109: =AND(B109<>0,C109<>0) -> FALSE | Z109: =OR(D109:L109) -> #VALUE!
A110: 12 | N110: =$B110*$C110*D110 -> 0 | O110: =$B110*$C110*E110 -> 0 | P110: =$B110*$C110*F110 -> 0 | Q110: =$B110*$C110*G110 -> 0 | R110: =$B110*$C110*H110 -> 0 | S110: =$B110*$C110*I110 -> 0 | T110: =$B110*$C110*J110 -> 0 | U110: =$B110*$C110*K110 -> 0 | V110: =$B110*$C110*L110 -> 0 | W110: =SUM(D110:L110)*C110*B110 -> 0 | X110: =(B110+C110)*2*SUM(D110:L110) -> 0 | Y110: =AND(B110<>0,C110<>0) -> FALSE | Z110: =OR(D110:L110) -> #VALUE!
... A133: 35 | N133: =$B133*$C133*D133 -> 0 | O133: =$B133*$C133*E133 -> 0 | P133: =$B133*$C133*F133 -> 0 | Q133: =$B133*$C133*G133 -> 0 | R133: =$B133*$C133*H133 -> 0 | S133: =$B133*$C133*I133 -> 0 | T133: =$B133*$C133*J133 -> 0 | U133: =$B133*$C133*K133 -> 0 | V133: =$B133*$C133*L133 -> 0 | W133: =SUM(D133:L133)*C133*B133 -> 0 | X133: =(B133+C133)*2*SUM(D133:L133) -> 0 | Y133: =AND(B133<>0,C133<>0) -> FALSE | Z133: =OR(D133:L133) -> #VALUE!
A134: Обща площ по фасади | D134: =SUM(N99:N133) -> 0 | E134: =SUM(O99:O133) -> 0 | F134: =SUM(P99:P133) -> 0 | G134: =SUM(Q99:Q133) -> 0 | H134: =SUM(R99:R133) -> 0 | I134: =SUM(S99:S133) -> 0 | J134: =SUM(T99:T133) -> 0 | K134: =SUM(U99:U133) -> 0 | L134: =SUM(V99:V133) -> 0 | Y134: =COUNTIF(Y99:Y133,TRUE) -> 0 | Z134: =COUNTIF(Z99:Z133,TRUE) -> 0
A136: Обща дължина на отворите на прозорците и вратите | G136: lкпр= | H136: =SUM(X57:X91,X99:X133) -> 0 | I136: m | N136: =IF(Y134=Z134,"правилно въведени врати","грешно въведени врати") -> правилно въведени врати
A137: Обща площ на прозорците и вратите | G137: Апр= | H137: =SUM(W57:W91,W99:W133) -> 0 | I137: m2 | U137: Прозорци | V137: =SUM(W57:W91) -> 0 | W137: =K52 -> 1.4 | X137: =W137*V137 -> 0
U138: Врати | V138: =SUM(W99:W133) -> 0 | W138: =K94 -> 2 | X138: =W138*V138 -> 0
A139: Подробно описание на площите по детайли | N139: =H150-H137 -> 0 | O139: обща площ на стените | V139: =SUM(V137:V138) -> 0 | W139: =X139/V139 -> #DIV/0! | X139: =SUM(X137:X138) -> 0
A140: Детайл | B140: покрив с въздушно пространство > 30см | C140: покрив с въздпространство < 30см | D140: покрив плосък, покрив тераса | E140: =A1151 -> Външна стена - тип 1 | F140: =A1169 -> Външна стена - тип 2 | G140: =A1183 -> Външна стена - тип 3 | H140: проход, еркер | I140: под граничещ със земя над терен | J140: под над неотопляемо помещение | K140: под граничещ със земя под терена
N141: =E145 -> 0 | O141: площ на външна стена тип 1
N142: =N139-N141 -> 0 | O142: площ на външна стена тип 2
N143: =N139-N141-N142 -> 0 | O143: площ на външна стена тип 3
A145: Площ на елемента | B145: 1e-41 | C145: 1e-22 | D145: 1e-52 | E145: =H150-H137-F145 -> 0 | F145: =(H150-H137)*0.1 -> 0 | G145: 0 | H145: =I25 -> 0 | I145: 1e-44 | J145: 0 | K145: 0
N146: =SUM(B145:K147)+H137 -> 1e-22 | P146: =IF(N146=H155,"правилно въведени данни за площи","грешно въведени данни за площи") -> правилно въведени данни за площи
A149: Обща площ на сградните ограждащи елементи
A150: Околна повърхнина | H150: =H25 -> 0 | I150: m2
A151: Под (над неотопляемо помещение, земя) | H151: =I145+J145+K145 -> 1e-44 | I151: m2
A152: Под над външен въздух | H152: =I25 -> 0 | I152: m2
A153: Покрив плосък или въздушен слой <30см | H153: =C145+D145 -> 1e-22 | I153: m2
A154: Покрив с въздушен слой > 30см | H154: =B145 -> 1e-41 | I154: m2
A155: Обща площ на ограждащите елементи на сградата | H155: =SUM(H150:H154) -> 1e-22 | I155: m2
...

Sheet Стойности
A2: Типове сгради: | D2: =Изчисления!K192 -> 2 | F2: =INDIRECT("A"&3+D2) -> Еднофамилна жилищна сграда
A4: Многофамилна жилищна сграда в това число и общежитие
A5: Еднофамилна жилищна сграда
A6: Административна сграда
A7: Училище
A8: Университет
A9: Детска градина и детска ясла
A10: Сграда за здравеопазване
A11: Хотели и ресторанти
A12: Сграда за търговия
A13: Сграда за спорт
A14: Сграда за култура и изкуство
A21: Използван клас на енергопотребление | F21: Почивни дни
A22: Клас | B22: EPmin | C22: EPmax | F22: Януари | G22: Февруари | H22: Март | I22: Април | J22: Май | K22: Юни | L22: Юли | M22: Август | N22: Септември | O22: Октомври | P22: Ноември | Q22: Декември
A23: A | B23: не се дефинира | C23: =INDIRECT("C"&D2*9+23) -> 83 | F23: =INDIRECT("F"&D2*9+23) -> 0 | G23: =INDIRECT("g"&D2*9+23) -> 0 | H23: =INDIRECT("h"&D2*9+23) -> 0 | I23: =INDIRECT("i"&D2*9+23) -> 0 | J23: =INDIRECT("j"&D2*9+23) -> 0 | K23: =INDIRECT("k"&D2*9+23) -> 0 | L23: =INDIRECT("l"&D2*9+23) -> 0 | M23: =INDIRECT("m"&D2*9+23) -> 0 | N23: =INDIRECT("n"&D2*9+23) -> 0 | O23: =INDIRECT("o"&D2*9+23) -> 0 | P23: =INDIRECT("p"&D2*9+23) -> 0 | Q23: =INDIRECT("q"&D2*9+23) -> 0
A24: B | B24: =C23 -> 83 | C24: =INDIRECT("C"&D2*9+24) -> 166
A25: C | B25: =C24 -> 166 | C25: =INDIRECT("C"&D2*9+25) -> 203 | F25: =INDIRECT("F"&D2*9+25) -> БГВ= | G25: =INDIRECT("g"&D2*9+25) -> 80 | H25: =INDIRECT("h"&D2*9+25) -> л/ден
A26: D | B26: =C25 -> 203 | C26: =INDIRECT("C"&D2*9+26) -> 240
A27: E | B27: =C26 -> 240 | C27: =INDIRECT("C"&D2*9+27) -> 300
A28: F | B28: =C27 -> 300 | C28: =INDIRECT("C"&D2*9+28) -> 360
A29: G | B29: =C28 -> 360 | C29: не се дефинира
A30: Жилищни сгради - многофамилни | F30: Почивни дни
A31: Клас | B31: EPmin | C31: EPmax | F31: Януари | G31: Февруари | H31: Март | I31: Април | J31: Май | K31: Юни | L31: Юли | M31: Август | N31: Септември | O31: Октомври | P31: Ноември | Q31: Декември
A32: A | C32: 90 | F32: 0 | G32: 0 | H32: 0 | I32: 0 | J32: 0 | K32: 0 | L32: 0 | M32: 0 | N32: 0 | O32: 0 | P32: 0 | Q32: 0
A33: B | B33: =C32 -> 90 | C33: 180
A34: C | B34: =C33 -> 180 | C34: 235 | F34: БГВ= | G34: 80 | H34: л/ден
A35: D | B35: =C34 -> 235 | C35: 290
A36: E | B36: =C35 -> 290 | C36: 363
A37: F | B37: =C36 -> 363 | C37: 435
A38: G | B38: =C37 -> 435
A39: Жилищни сгради - еднофамилни | F39: Почивни дни
A40: Клас | B40: EPmin | C40: EPmax | F40: Януари | G40: Февруари | H40: Март | I40: Април | J40: Май | K40: Юни | L40: Юли | M40: Август | N40: Септември | O40: Октомври | P40: Ноември | Q40: Декември
A41: A | C41: 83 | F41: 0 | G41: 0 | H41: 0 | I41: 0 | J41: 0 | K41: 0 | L41: 0 | M41: 0 | N41: 0 | O41: 0 | P41: 0 | Q41: 0
A42: B | B42: =C41 -> 83 | C42: 166
A43: C | B43: =C42 -> 166 | C43: 203 | F43: БГВ= | G43: 80 | H43: л/ден
A44: D | B44: =C43 -> 203 | C44: 240
A45: E | B45: =C44 -> 240 | C45: 300
A46: F | B46: =C45 -> 300 | C46: 360
A47: G | B47: =C46 -> 360
A48: Сгради за административно обслужване | F48: Почивни дни
A49: Клас | B49: EPmin | C49: EPmax | F49: Януари | G49: Февруари | H49: Март | I49: Април | J49: Май | K49: Юни | L49: Юли | M49: Август | N49: Септември | O49: Октомври | P49: Ноември | Q49: Декември
A50: A | C50: 134 | F50: 1 | G50: 0 | H50: 1 | I50: 1 | J50: 3 | K50: 0 | L50: 0 | M50: 0 | N50: 2 | O50: 0 | P50: 0 | Q50: 3
A51: B | B51: =C50 -> 134 | C51: 268
A52: C | B52: =C51 -> 268 | C52: 329 | F52: БГВ= | G52: 5 | H52: л/ден
A53: D | B53: =C52 -> 329 | C53: 390
A54: E | B54: =C53 -> 390 | C54: 488
A55: F | B55: =C54 -> 488 | C55: 585
A56: G | B56: =C55 -> 585
A57: Училища | F57: Почивни дни
A58: Клас | B58: EPmin | C58: EPmax | F58: Януари | G58: Февруари | H58: Март | I58: Април | J58: Май | K58: Юни | L58: Юли | M58: Август | N58: Септември | O58: Октомври | P58: Ноември | Q58: Декември
A59: A | C59: 35 | F59: 3 | G59: 0 | H59: 1 | I59: 9 | J59: 3 | K59: 10 | L59: 23 | M59: 22 | N59: 11 | O59: 0 | P59: 1 | Q59: 7
A60: B | B60: =C59 -> 35 | C60: 70
A61: C | B61: =C60 -> 70 | C61: 110 | F61: БГВ= | G61: 6 | H61: л/ден
A62: D | B62: =C61 -> 110 | C62: 150
A63: E | B63: =C62 -> 150 | C63: 188
A64: F | B64: =C63 -> 188 | C64: 225
A65: G | B65: =C64 -> 225
A66: Университети | F66: Почивни дни
A67: Клас | B67: EPmin | C67: EPmax | F67: Януари | G67: Февруари | H67: Март | I67: Април | J67: Май | K67: Юни | L67: Юли | M67: Август | N67: Септември | O67: Октомври | P67: Ноември | Q67: Декември
A68: A | C68: 85 | F68: 1 | G68: 0 | H68: 1 | I68: 5 | J68: 3 | K68: 0 | L68: 0 | M68: 22 | N68: 2 | O68: 0 | P68: 1 | Q68: 3
A69: B | B69: =C68 -> 85 | C69: 170
A70: C | B70: =C69 -> 170 | C70: 215 | F70: БГВ= | G70: 8 | H70: л/ден
A71: D | B71: =C70 -> 215 | C71: 260
A72: E | B72: =C71 -> 260 | C72: 325
A73: F | B73: =C72 -> 325 | C73: 390
A74: G | B74: =C73 -> 390
A75: Детски градини | F75: Почивни дни
A76: Клас | B76: EPmin | C76: EPmax | F76: Януари | G76: Февруари | H76: Март | I76: Април | J76: Май | K76: Юни | L76: Юли | M76: Август | N76: Септември | O76: Октомври | P76: Ноември | Q76: Декември
A77: A | C77: 60 | F77: 1 | G77: 0 | H77: 1 | I77: 1 | J77: 3 | K77: 0 | L77: 23 | M77: 22 | N77: 2 | O77: 0 | P77: 0 | Q77: 3
A78: B | B78: =C77 -> 60 | C78: 120
A79: C | B79: =C78 -> 120 | C79: 190 | F79: БГВ= | G79: 11.5 | H79: л/ден
A80: D | B80: =C79 -> 190 | C80: 260
A81: E | B81: =C80 -> 260 | C81: 325
A82: F | B82: =C81 -> 325 | C82: 390
A83: G | B83: =C82 -> 390
A84: Сгради за здравеопазване | F84: Почивни дни
A85: Клас | B85: EPmin | C85: EPmax | F85: Януари | G85: Февруари | H85: Март | I85: Април | J85: Май | K85: Юни | L85: Юли | M85: Август | N85: Септември | O85: Октомври | P85: Ноември | Q85: Декември
A86: A | C86: 135 | F86: 0 | G86: 0 | H86: 0 | I86: 0 | J86: 0 | K86: 0 | L86: 0 | M86: 0 | N86: 0 | O86: 0 | P86: 0 | Q86: 0
A87: B | B87: =C86 -> 135 | C87: 270
A88: C | B88: =C87 -> 270 | C88: 355 | F88: БГВ= | G88: 75 | H88: л/ден
A89: D | B89: =C88 -> 355 | C89: 440
A90: E | B90: =C89 -> 440 | C90: 550
A91: F | B91: =C90 -> 550 | C91: 660
A92: G | B92: =C91 -> 660
A93: Сгради за обществено обслужване в областтта на хотелиерството | F93: Почивни дни
A94: Клас | B94: EPmin | C94: EPmax | F94: Януари | G94: Февруари | H94: Март | I94: Април | J94: Май | K94: Юни | L94: Юли | M94: Август | N94: Септември | O94: Октомври | P94: Ноември | Q94: Декември
A95: A | C95: 165 | F95: 0 | G95: 0 | H95: 0 | I95: 0 | J95: 0 | K95: 0 | L95: 0 | M95: 0 | N95: 0 | O95: 0 | P95: 0 | Q95: 0
A96: B | B96: =C95 -> 165 | C96: 330
A97: C | B97: =C96 -> 330 | C97: 385 | F97: БГВ= | G97: 140 | H97: л/ден
A98: D | B98: =C97 -> 385 | C98: 440
A99: E | B99: =C98 -> 440 | C99: 550
A100: F | B100: =C99 -> 550 | C100: 660
A101: G | B101: =C100 -> 660
A102: Сгради в областта на търговията | F102: Почивни дни
A103: Клас | B103: EPmin | C103: EPmax | F103: Януари | G103: Февруари | H103: Март | I103: Април | J103: Май | K103: Юни | L103: Юли | M103: Август | N103: Септември | O103: Октомври | P103: Ноември | Q103: Декември
A104: A | C104: 275 | F104: 1 | G104: 0 | H104: 0 | I104: 0 | J104: 0 | K104: 0 | L104: 0 | M104: 0 | N104: 0 | O104: 0 | P104: 0 | Q104: 2
A105: B | B105: =C104 -> 275 | C105: 550
A106: C | B106: =C105 -> 550 | C106: 600 | F106: БГВ= | G106: 5 | H106: л/ден
A107: D | B107: =C106 -> 600 | C107: 650
A108: E | B108: =C107 -> 650 | C108: 813
...

Sheet Климатични зони
A1: Данни които се използват в сметките
B3: Час | C3: - | D3: 0 | E3: 1 | F3: 2 | G3: 3 | H3: 4 | I3: 5 | J3: 6 | K3: 7 | L3: 8 | M3: 9 | N3: 10 | O3: 11 | P3: 12 | Q3: 13 | R3: 14 | S3: 15 | T3: 16 | U3: 17 | V3: 18 | W3: 19 | X3: 20 | Y3: 21 | Z3: 22 | AA3: 23 | AB3: Зимен период
A4: Януари | B4: θе | C4: C | D4: =IF(Изчисления!$K$196=1,$D$21,INDIRECT("D"&Изчисления!$K$188*30+ROW()-1)) -> 2.2 | E4: =IF(Изчисления!$K$196=1,$D$21,INDIRECT("D"&Изчисления!$K$188*30+ROW()-1)) -> 2.2 | F4: =IF(Изчисления!$K$196=1,$D$21,INDIRECT("D"&Изчисления!$K$188*30+ROW()-1)) -> 2.2 | G4: =IF(Изчисления!$K$196=1,$D$21,INDIRECT("D"&Изчисления!$K$188*30+ROW()-1)) -> 2.2 | H4: =IF(Изчисления!$K$196=1,$D$21,INDIRECT("D"&Изчисления!$K$188*30+ROW()-1)) -> 2.2 | I4: =IF(Изчисления!$K$196=1,$D$21,INDIRECT("D"&Изчисления!$K$188*30+ROW()-1)) -> 2.2 | J4: =IF(Изчисления!$K$196=1,$D$21,INDIRECT("D"&Изчисления!$K$188*30+ROW()-1)) -> 2.2 | K4: =IF(Изчисления!$K$196=1,$D$21,INDIRECT("D"&Изчисления!$K$188*30+ROW()-1)) -> 2.2 | ... AA4: =IF(Изчисления!$K$196=1,$D$21,INDIRECT("D"&Изчисления!$K$188*30+ROW()-1)) -> 2.2 | AB4: Isol, с | AC4: W/m2 | AD4: =INDIRECT("ad"&Изчисления!$K$188*30+ROW()-1) -> 23.9 | AE4: =INDIRECT("ae"&Изчисления!$K$188*30+ROW()-1) -> 36.5 | AF4: =INDIRECT("af"&Изчисления!$K$188*30+ROW()-1) -> 49.6 | AG4: =INDIRECT("ag"&Изчисления!$K$188*30+ROW()-1) -> 65.6 | AH4: =INDIRECT("ah"&Изчисления!$K$188*30+ROW()-1) -> 41.8 | AI4: =INDIRECT("ai"&Изчисления!$K$188*30+ROW()-1) -> 27.2 | AJ4: =INDIRECT("aj"&Изчисления!$K$188*30+ROW()-1) -> 21
A5: Февруари | B5: θе | C5: C | D5: =IF(Изчисления!$K$196=1,$E$21,INDIRECT("D"&Изчисления!$K$188*30+ROW()-1)) -> 2.9 | E5: =IF(Изчисления!$K$196=1,$E$21,INDIRECT("D"&Изчисления!$K$188*30+ROW()-1)) -> 2.9 | F5: =IF(Изчисления!$K$196=1,$E$21,INDIRECT("D"&Изчисления!$K$188*30+ROW()-1)) -> 2.9 | G5: =IF(Изчисления!$K$196=1,$E$21,INDIRECT("D"&Изчисления!$K$188*30+ROW()-1)) -> 2.9 | H5: =IF(Изчисления!$K$196=1,$E$21,INDIRECT("D"&Изчисления!$K$188*30+ROW()-1)) -> 2.9 | I5: =IF(Изчисления!$K$196=1,$E$21,INDIRECT("D"&Изчисления!$K$188*30+ROW()-1)) -> 2.9 | J5: =IF(Изчисления!$K$196=1,$E$21,INDIRECT("D"&Изчисления!$K$188*30+ROW()-1)) -> 2.9 | K5: =IF(Изчисления!$K$196=1,$E$21,INDIRECT("D"&Изчисления!$K$188*30+ROW()-1)) -> 2.9 | ... AA5: =IF(Изчисления!$K$196=1,$E$21,INDIRECT("D"&Изчисления!$K$188*30+ROW()-1)) -> 2.9 | AB5: Isol, и | AC5: W/m2 | AD5: =INDIRECT("ad"&Изчисления!$K$188*30+ROW()-1) -> 43 | AE5: =INDIRECT("ae"&Изчисления!$K$188*30+ROW()-1) -> 64.9 | AF5: =INDIRECT("af"&Изчисления!$K$188*30+ROW()-1) -> 74.9 | AG5: =INDIRECT("ag"&Изчисления!$K$188*30+ROW()-1) -> 92.4 | AH5: =INDIRECT("ah"&Изчисления!$K$188*30+ROW()-1) -> 75.1 | AI5: =INDIRECT("ai"&Изчисления!$K$188*30+ROW()-1) -> 49.6 | AJ5: =INDIRECT("aj"&Изчисления!$K$188*30+ROW()-1) -> 38.3
A6: Март | B6: θе | C6: C | D6: =IF(Изчисления!$K$196=1,$F$21,INDIRECT("D"&Изчисления!$K$188*30+ROW()-1)) -> 5.7 | E6: =IF(Изчисления!$K$196=1,$F$21,INDIRECT("D"&Изчисления!$K$188*30+ROW()-1)) -> 5.7 | F6: =IF(Изчисления!$K$196=1,$F$21,INDIRECT("D"&Изчисления!$K$188*30+ROW()-1)) -> 5.7 | G6: =IF(Изчисления!$K$196=1,$F$21,INDIRECT("D"&Изчисления!$K$188*30+ROW()-1)) -> 5.7 | H6: =IF(Изчисления!$K$196=1,$F$21,INDIRECT("D"&Изчисления!$K$188*30+ROW()-1)) -> 5.7 | I6: =IF(Изчисления!$K$196=1,$F$21,INDIRECT("D"&Изчисления!$K$188*30+ROW()-1)) -> 5.7 | J6: =IF(Изчисления!$K$196=1,$F$21,INDIRECT("D"&Изчисления!$K$188*30+ROW()-1)) -> 5.7 | K6: =IF(Изчисления!$K$196=1,$F$21,INDIRECT("D"&Изчисления!$K$188*30+ROW()-1)) -> 5.7 | ... AA6: =IF(Изчисления!$K$196=1,$F$21,INDIRECT("D"&Изчисления!$K$188*30+ROW()-1)) -> 5.7 | AB6: Isol, ю | AC6: W/m2 | AD6: =INDIRECT("ad"&Изчисления!$K$188*30+ROW()-1) -> 77.3 | AE6: =INDIRECT("ae"&Изчисления!$K$188*30+ROW()-1) -> 105.8 | AF6: =INDIRECT("af"&Изчисления!$K$188*30+ROW()-1) -> 97.1 | AG6: =INDIRECT("ag"&Изчисления!$K$188*30+ROW()-1) -> 91.5 | AH6: =INDIRECT("ah"&Изчисления!$K$188*30+ROW()-1) -> 117.4 | AI6: =INDIRECT("ai"&Изчисления!$K$188*30+ROW()-1) -> 87.7 | AJ6: =INDIRECT("aj"&Изчисления!$K$188*30+ROW()-1) -> 70.8
A7: Април | B7: θе | C7: C | D7: =IF(Изчисления!$K$196=1,$G$21,INDIRECT("D"&Изчисления!$K$188*30+ROW()-1)) -> 10.9 | E7: =IF(Изчисления!$K$196=1,$G$21,INDIRECT("D"&Изчисления!$K$188*30+ROW()-1)) -> 10.9 | F7: =IF(Изчисления!$K$196=1,$G$21,INDIRECT("D"&Изчисления!$K$188*30+ROW()-1)) -> 10.9 | G7: =IF(Изчисления!$K$196=1,$G$21,INDIRECT("D"&Изчисления!$K$188*30+ROW()-1)) -> 10.9 | H7: =IF(Изчисления!$K$196=1,$G$21,INDIRECT("D"&Изчисления!$K$188*30+ROW()-1)) -> 10.9 | I7: =IF(Изчисления!$K$196=1,$G$21,INDIRECT("D"&Изчисления!$K$188*30+ROW()-1)) -> 10.9 | J7: =IF(Изчисления!$K$196=1,$G$21,INDIRECT("D"&Изчисления!$K$188*30+ROW()-1)) -> 10.9 | K7: =IF(Изчисления!$K$196=1,$G$21,INDIRECT("D"&Изчисления!$K$188*30+ROW()-1)) -> 10.9 | ... AA7: =IF(Изчисления!$K$196=1,$G$21,INDIRECT("D"&Изчисления!$K$188*30+ROW()-1)) -> 10.9 | AB7: Isol, з | AC7: W/m2 | AD7: =INDIRECT("ad"&Изчисления!$K$188*30+ROW()-1) -> 43 | AE7: =INDIRECT("ae"&Изчисления!$K$188*30+ROW()-1) -> 64.9 | AF7: =INDIRECT("af"&Изчисления!$K$188*30+ROW()-1) -> 74.9 | AG7: =INDIRECT("ag"&Изчисления!$K$188*30+ROW()-1) -> 92.4 | AH7: =INDIRECT("ah"&Изчисления!$K$188*30+ROW()-1) -> 75.1 | AI7: =INDIRECT("ai"&Изчисления!$K$188*30+ROW()-1) -> 49.6 | AJ7: =INDIRECT("aj"&Изчисления!$K$188*30+ROW()-1) -> 38.3
A8: Май | B8: θе | C8: C | D8: =INDIRECT("D"&Изчисления!$K$188*30+ROW()-1) -> 13.3 | E8: =INDIRECT("E"&Изчисления!$K$188*30+ROW()-1) -> 13.1 | F8: =INDIRECT("f"&Изчисления!$K$188*30+ROW()-1) -> 12.9 | G8: =INDIRECT("g"&Изчисления!$K$188*30+ROW()-1) -> 12.7 | H8: =INDIRECT("h"&Изчисления!$K$188*30+ROW()-1) -> 12.5 | I8: =INDIRECT("i"&Изчисления!$K$188*30+ROW()-1) -> 13.4 | J8: =INDIRECT("j"&Изчисления!$K$188*30+ROW()-1) -> 14.3 | K8: =INDIRECT("k"&Изчисления!$K$188*30+ROW()-1) -> 15.2 | L8: =INDIRECT("l"&Изчисления!$K$188*30+ROW()-1) -> 16.1 | M8: =INDIRECT("m"&Изчисления!$K$188*30+ROW()-1) -> 17.2 | N8: =INDIRECT("n"&Изчисления!$K$188*30+ROW()-1) -> 18.2 | O8: =INDIRECT("o"&Изчисления!$K$188*30+ROW()-1) -> 18.1 | P8: =INDIRECT("p"&Изчисления!$K$188*30+ROW()-1) -> 18.1 | Q8: =INDIRECT("q"&Изчисления!$K$188*30+ROW()-1) -> 18.1 | R8: =INDIRECT("r"&Изчисления!$K$188*30+ROW()-1) -> 17.8 | S8: =INDIRECT("s"&Изчисления!$K$188*30+ROW()-1) -> 17.5 | T8: =INDIRECT("t"&Изчисления!$K$188*30+ROW()-1) -> 17.2 | U8: =INDIRECT("u"&Изчисления!$K$188*30+ROW()-1) -> 16.6 | V8: =INDIRECT("v"&Изчисления!$K$188*30+ROW()-1) -> 15.9 | W8: =INDIRECT("w"&Изчисления!$K$188*30+ROW()-1) -> 15.3 | X8: =INDIRECT("x"&Изчисления!$K$188*30+ROW()-1) -> 14.8 | Y8: =INDIRECT("y"&Изчисления!$K$188*30+ROW()-1) -> 14.3 | Z8: =INDIRECT("z"&Изчисления!$K$188*30+ROW()-1) -> 13.9 | AA8: =INDIRECT("aa"&Изчисления!$K$188*30+ROW()-1) -> 13.6 | AB8: Isol, хор | AC8: W/m2 | AD8: =INDIRECT("ad"&Изчисления!$K$188*30+ROW()-1) -> 53.5 | AE8: =INDIRECT("ae"&Изчисления!$K$188*30+ROW()-1) -> 88.5 | AF8: =INDIRECT("af"&Изчисления!$K$188*30+ROW()-1) -> 118.7 | AG8: =INDIRECT("ag"&Изчисления!$K$188*30+ROW()-1) -> 116.4 | AH8: =INDIRECT("ah"&Изчисления!$K$188*30+ROW()-1) -> 106 | AI8: =INDIRECT("ai"&Изчисления!$K$188*30+ROW()-1) -> 62.8 | AJ8: =INDIRECT("aj"&Изчисления!$K$188*30+ROW()-1) -> 46.3
B9: φе | C9: % | D9: =INDIRECT("D"&Изчисления!$K$188*30+ROW()-1) -> 78 | E9: =INDIRECT("E"&Изчисления!$K$188*30+ROW()-1) -> 77 | F9: =INDIRECT("f"&Изчисления!$K$188*30+ROW()-1) -> 79 | G9: =INDIRECT("g"&Изчисления!$K$188*30+ROW()-1) -> 80 | H9: =INDIRECT("h"&Изчисления!$K$188*30+ROW()-1) -> 81 | I9: =INDIRECT("i"&Изчисления!$K$188*30+ROW()-1) -> 79 | J9: =INDIRECT("j"&Изчисления!$K$188*30+ROW()-1) -> 76 | K9: =INDIRECT("k"&Изчисления!$K$188*30+ROW()-1) -> 74 | L9: =INDIRECT("l"&Изчисления!$K$188*30+ROW()-1) -> 71 | M9: =INDIRECT("m"&Изчисления!$K$188*30+ROW()-1) -> 68 | N9: =INDIRECT("n"&Изчисления!$K$188*30+ROW()-1) -> 65 | O9: =INDIRECT("o"&Изчисления!$K$188*30+ROW()-1) -> 66 | P9: =INDIRECT("p"&Изчисления!$K$188*30+ROW()-1) -> 67 | Q9: =INDIRECT("q"&Изчисления!$K$188*30+ROW()-1) -> 68 | R9: =INDIRECT("r"&Изчисления!$K$188*30+ROW()-1) -> 69 | S9: =INDIRECT("s"&Изчисления!$K$188*30+ROW()-1) -> 69 | T9: =INDIRECT("t"&Изчисления!$K$188*30+ROW()-1) -> 70 | U9: =INDIRECT("u"&Изчисления!$K$188*30+ROW()-1) -> 73 | V9: =INDIRECT("v"&Изчисления!$K$188*30+ROW()-1) -> 75 | W9: =INDIRECT("w"&Изчисления!$K$188*30+ROW()-1) -> 78 | X9: =INDIRECT("x"&Изчисления!$K$188*30+ROW()-1) -> 78 | Y9: =INDIRECT("y"&Изчисления!$K$188*30+ROW()-1) -> 78 | Z9: =INDIRECT("z"&Изчисления!$K$188*30+ROW()-1) -> 77 | AA9: =INDIRECT("aa"&Изчисления!$K$188*30+ROW()-1) -> 78 | AC9: темп | AD9: =INDIRECT("ad"&Изчисления!$K$188*30+ROW()-1) -> 2.2 | AE9: =INDIRECT("ae"&Изчисления!$K$188*30+ROW()-1) -> 2.9 | AF9: =INDIRECT("af"&Изчисления!$K$188*30+ROW()-1) -> 5.7 | AG9: =INDIRECT("ag"&Изчисления!$K$188*30+ROW()-1) -> 10.9 | AH9: =INDIRECT("ah"&Изчисления!$K$188*30+ROW()-1) -> 14.5 | AI9: =INDIRECT("ai"&Изчисления!$K$188*30+ROW()-1) -> 9.4 | AJ9: =INDIRECT("aj"&Изчисления!$K$188*30+ROW()-1) -> 4.6
A10: Юни | B10: θе | C10: C | D10: =INDIRECT("D"&Изчисления!$K$188*30+ROW()-1) -> 16 | E10: =INDIRECT("E"&Изчисления!$K$188*30+ROW()-1) -> 16.8 | F10: =INDIRECT("f"&Изчисления!$K$188*30+ROW()-1) -> 15.8 | G10: =INDIRECT("g"&Изчисления!$K$188*30+ROW()-1) -> 15.3 | H10: =INDIRECT("h"&Изчисления!$K$188*30+ROW()-1) -> 16.1 | I10: =INDIRECT("i"&Изчисления!$K$188*30+ROW()-1) -> 15.9 | J10: =INDIRECT("j"&Изчисления!$K$188*30+ROW()-1) -> 17.8 | K10: =INDIRECT("k"&Изчисления!$K$188*30+ROW()-1) -> 19 | L10: =INDIRECT("l"&Изчисления!$K$188*30+ROW()-1) -> 21.3 | M10: =INDIRECT("m"&Изчисления!$K$188*30+ROW()-1) -> 22.5 | N10: =INDIRECT("n"&Изчисления!$K$188*30+ROW()-1) -> 22.3 | O10: =INDIRECT("o"&Изчисления!$K$188*30+ROW()-1) -> 23.8 | P10: =INDIRECT("p"&Изчисления!$K$188*30+ROW()-1) -> 23.9 | Q10: =INDIRECT("q"&Изчисления!$K$188*30+ROW()-1) -> 23.3 | R10: =INDIRECT("r"&Изчисления!$K$188*30+ROW()-1) -> 24.1 | S10: =INDIRECT("s"&Изчисления!$K$188*30+ROW()-1) -> 23.8 | T10: =INDIRECT("t"&Изчисления!$K$188*30+ROW()-1) -> 22.3 | U10: =INDIRECT("u"&Изчисления!$K$188*30+ROW()-1) -> 22.2 | V10: =INDIRECT("v"&Изчисления!$K$188*30+ROW()-1) -> 20.9 | W10: =INDIRECT("w"&Изчисления!$K$188*30+ROW()-1) -> 19.5 | X10: =INDIRECT("x"&Изчисления!$K$188*30+ROW()-1) -> 17.8 | Y10: =INDIRECT("y"&Изчисления!$K$188*30+ROW()-1) -> 17.6 | Z10: =INDIRECT("z"&Изчисления!$K$188*30+ROW()-1) -> 17.4 | AA10: =INDIRECT("aa"&Изчисления!$K$188*30+ROW()-1) -> 16.4 | AB10: Летен период
B11: φе | C11: % | D11: =INDIRECT("D"&Изчисления!$K$188*30+ROW()-1) -> 89 | E11: =INDIRECT("E"&Изчисления!$K$188*30+ROW()-1) -> 89 | F11: =INDIRECT("f"&Изчисления!$K$188*30+ROW()-1) -> 90 | G11: =INDIRECT("g"&Изчисления!$K$188*30+ROW()-1) -> 91 | H11: =INDIRECT("h"&Изчисления!$K$188*30+ROW()-1) -> 88 | I11: =INDIRECT("i"&Изчисления!$K$188*30+ROW()-1) -> 89 | J11: =INDIRECT("j"&Изчисления!$K$188*30+ROW()-1) -> 83 | K11: =INDIRECT("k"&Изчисления!$K$188*30+ROW()-1) -> 79 | L11: =INDIRECT("l"&Изчисления!$K$188*30+ROW()-1) -> 69 | M11: =INDIRECT("m"&Изчисления!$K$188*30+ROW()-1) -> 65 | N11: =INDIRECT("n"&Изчисления!$K$188*30+ROW()-1) -> 71 | O11: =INDIRECT("o"&Изчисления!$K$188*30+ROW()-1) -> 59 | P11: =INDIRECT("p"&Изчисления!$K$188*30+ROW()-1) -> 60 | Q11: =INDIRECT("q"&Изчисления!$K$188*30+ROW()-1) -> 70 | R11: =INDIRECT("r"&Изчисления!$K$188*30+ROW()-1) -> 59 | S11: =INDIRECT("s"&Изчисления!$K$188*30+ROW()-1) -> 59 | T11: =INDIRECT("t"&Изчисления!$K$188*30+ROW()-1) -> 73 | U11: =INDIRECT("u"&Изчисления!$K$188*30+ROW()-1) -> 65 | V11: =INDIRECT("v"&Изчисления!$K$188*30+ROW()-1) -> 72 | W11: =INDIRECT("w"&Изчисления!$K$188*30+ROW()-1) -> 82 | X11: =INDIRECT("x"&Изчисления!$K$188*30+ROW()-1) -> 86 | Y11: =INDIRECT("y"&Изчисления!$K$188*30+ROW()-1) -> 87 | Z11: =INDIRECT("z"&Изчисления!$K$188*30+ROW()-1) -> 89 | AA11: =INDIRECT("aa"&Изчисления!$K$188*30+ROW()-1) -> 88 | AB11: Isol, с | AC11: W/m2 | AD11: =INDIRECT("ad"&Изчисления!$K$188*30+ROW()-1) -> 79.3 | AE11: =INDIRECT("ae"&Изчисления!$K$188*30+ROW()-1) -> 85.4 | AF11: =INDIRECT("af"&Изчисления!$K$188*30+ROW()-1) -> 84.2 | AG11: =INDIRECT("ag"&Изчисления!$K$188*30+ROW()-1) -> 75.6 | AH11: =INDIRECT("ah"&Изчисления!$K$188*30+ROW()-1) -> 60.6
A12: Юли | B12: θе | C12: C | D12: =INDIRECT("D"&Изчисления!$K$188*30+ROW()-1) -> 18.8 | E12: =INDIRECT("E"&Изчисления!$K$188*30+ROW()-1) -> 19.8 | F12: =INDIRECT("f"&Изчисления!$K$188*30+ROW()-1) -> 18.5 | G12: =INDIRECT("g"&Изчисления!$K$188*30+ROW()-1) -> 18.2 | H12: =INDIRECT("h"&Изчисления!$K$188*30+ROW()-1) -> 19.2 | I12: =INDIRECT("i"&Изчисления!$K$188*30+ROW()-1) -> 18.5 | J12: =INDIRECT("j"&Изчисления!$K$188*30+ROW()-1) -> 20.5 | K12: =INDIRECT("k"&Изчисления!$K$188*30+ROW()-1) -> 22 | L12: =INDIRECT("l"&Изчисления!$K$188*30+ROW()-1) -> 24.1 | M12: =INDIRECT("m"&Изчисления!$K$188*30+ROW()-1) -> 25.5 | N12: =INDIRECT("n"&Изчисления!$K$188*30+ROW()-1) -> 25.9 | O12: =INDIRECT("o"&Изчисления!$K$188*30+ROW()-1) -> 26.6 | P12: =INDIRECT("p"&Изчисления!$K$188*30+ROW()-1) -> 26.8 | Q12: =INDIRECT("q"&Изчисления!$K$188*30+ROW()-1) -> 26.5 | R12: =INDIRECT("r"&Изчисления!$K$188*30+ROW()-1) -> 26.8 | S12: =INDIRECT("s"&Изчисления!$K$188*30+ROW()-1) -> 26.5 | T12: =INDIRECT("t"&Изчисления!$K$188*30+ROW()-1) -> 25.7 | U12: =INDIRECT("u"&Изчисления!$K$188*30+ROW()-1) -> 25.1 | V12: =INDIRECT("v"&Изчисления!$K$188*30+ROW()-1) -> 24 | W12: =INDIRECT("w"&Изчисления!$K$188*30+ROW()-1) -> 22.9 | X12: =INDIRECT("x"&Изчисления!$K$188*30+ROW()-1) -> 21.1 | Y12: =INDIRECT("y"&Изчисления!$K$188*30+ROW()-1) -> 20.2 | Z12: =INDIRECT("z"&Изчисления!$K$188*30+ROW()-1) -> 20.8 | AA12: =INDIRECT("aa"&Изчисления!$K$188*30+ROW()-1) -> 19.1 | AB12: Isol, и | AC12: W/m2 | AD12: =INDIRECT("ad"&Изчисления!$K$188*30+ROW()-1) -> 115.5 | AE12: =INDIRECT("ae"&Изчисления!$K$188*30+ROW()-1) -> 129.3 | AF12: =INDIRECT("af"&Изчисления!$K$188*30+ROW()-1) -> 133.9 | AG12: =INDIRECT("ag"&Изчисления!$K$188*30+ROW()-1) -> 134.3 | AH12: =INDIRECT("ah"&Изчисления!$K$188*30+ROW()-1) -> 113.3
B13: φе | C13: % | D13: =INDIRECT("D"&Изчисления!$K$188*30+ROW()-1) -> 87 | E13: =INDIRECT("E"&Изчисления!$K$188*30+ROW()-1) -> 82 | F13: =INDIRECT("f"&Изчисления!$K$188*30+ROW()-1) -> 89 | G13: =INDIRECT("g"&Изчисления!$K$188*30+ROW()-1) -> 89 | H13: =INDIRECT("h"&Изчисления!$K$188*30+ROW()-1) -> 83 | I13: =INDIRECT("i"&Изчисления!$K$188*30+ROW()-1) -> 88 | J13: =INDIRECT("j"&Изчисления!$K$188*30+ROW()-1) -> 81 | K13: =INDIRECT("k"&Изчисления!$K$188*30+ROW()-1) -> 77 | L13: =INDIRECT("l"&Изчисления!$K$188*30+ROW()-1) -> 68 | M13: =INDIRECT("m"&Изчисления!$K$188*30+ROW()-1) -> 61 | N13: =INDIRECT("n"&Изчисления!$K$188*30+ROW()-1) -> 65 | O13: =INDIRECT("o"&Изчисления!$K$188*30+ROW()-1) -> 55 | P13: =INDIRECT("p"&Изчисления!$K$188*30+ROW()-1) -> 56 | Q13: =INDIRECT("q"&Изчисления!$K$188*30+ROW()-1) -> 65 | R13: =INDIRECT("r"&Изчисления!$K$188*30+ROW()-1) -> 55 | S13: =INDIRECT("s"&Изчисления!$K$188*30+ROW()-1) -> 57 | T13: =INDIRECT("t"&Изчисления!$K$188*30+ROW()-1) -> 67 | U13: =INDIRECT("u"&Изчисления!$K$188*30+ROW()-1) -> 62 | V13: =INDIRECT("v"&Изчисления!$K$188*30+ROW()-1) -> 66 | W13: =INDIRECT("w"&Изчисления!$K$188*30+ROW()-1) -> 74 | X13: =INDIRECT("x"&Изчисления!$K$188*30+ROW()-1) -> 80 | Y13: =INDIRECT("y"&Изчисления!$K$188*30+ROW()-1) -> 84 | Z13: =INDIRECT("z"&Изчисления!$K$188*30+ROW()-1) -> 81 | AA13: =INDIRECT("aa"&Изчисления!$K$188*30+ROW()-1) -> 86 | AB13: Isol, ю | AC13: W/m2 | AD13: =INDIRECT("ad"&Изчисления!$K$188*30+ROW()-1) -> 97.1 | AE13: =INDIRECT("ae"&Изчисления!$K$188*30+ROW()-1) -> 103.7 | AF13: =INDIRECT("af"&Изчисления!$K$188*30+ROW()-1) -> 112 | AG13: =INDIRECT("ag"&Изчисления!$K$188*30+ROW()-1) -> 136.8 | AH13: =INDIRECT("ah"&Изчисления!$K$188*30+ROW()-1) -> 148.2
A14: Август | B14: θе | C14: C | D14: =INDIRECT("D"&Изчисления!$K$188*30+ROW()-1) -> 19.1 | E14: =INDIRECT("E"&Изчисления!$K$188*30+ROW()-1) -> 18.8 | F14: =INDIRECT("f"&Изчисления!$K$188*30+ROW()-1) -> 18.5 | G14: =INDIRECT("g"&Изчисления!$K$188*30+ROW()-1) -> 18.3 | H14: =INDIRECT("h"&Изчисления!$K$188*30+ROW()-1) -> 18 | I14: =INDIRECT("i"&Изчисления!$K$188*30+ROW()-1) -> 18.7 | J14: =INDIRECT("j"&Изчисления!$K$188*30+ROW()-1) -> 19.5 | K14: =INDIRECT("k"&Изчисления!$K$188*30+ROW()-1) -> 20 | L14: =INDIRECT("l"&Изчисления!$K$188*30+ROW()-1) -> 21.5 | M14: =INDIRECT("m"&Изчисления!$K$188*30+ROW()-1) -> 22.9 | N14: =INDIRECT("n"&Изчисления!$K$188*30+ROW()-1) -> 24.3 | O14: =INDIRECT("o"&Изчисления!$K$188*30+ROW()-1) -> 24.6 | P14: =INDIRECT("p"&Изчисления!$K$188*30+ROW()-1) -> 24.9 | Q14: =INDIRECT("q"&Изчисления!$K$188*30+ROW()-1) -> 25.3 | R14: =INDIRECT("r"&Изчисления!$K$188*30+ROW()-1) -> 25.1 | S14: =INDIRECT("s"&Изчисления!$K$188*30+ROW()-1) -> 24.8 | T14: =INDIRECT("t"&Изчисления!$K$188*30+ROW()-1) -> 24.5 | U14: =INDIRECT("u"&Изчисления!$K$188*30+ROW()-1) -> 23.5 | V14: =INDIRECT("v"&Изчисления!$K$188*30+ROW()-1) -> 22.5 | W14: =INDIRECT("w"&Изчисления!$K$188*30+ROW()-1) -> 21.5 | X14: =INDIRECT("x"&Изчисления!$K$188*30+ROW()-1) -> 20.9 | Y14: =INDIRECT("y"&Изчисления!$K$188*30+ROW()-1) -> 20.3 | Z14: =INDIRECT("z"&Изчисления!$K$188*30+ROW()-1) -> 19.8 | AA14: =INDIRECT("aa"&Изчисления!$K$188*30+ROW()-1) -> 19.5 | AB14: Isol, з | AC14: W/m2 | AD14: =INDIRECT("ad"&Изчисления!$K$188*30+ROW()-1) -> 115.5 | AE14: =INDIRECT("ae"&Изчисления!$K$188*30+ROW()-1) -> 129.3 | AF14: =INDIRECT("af"&Изчисления!$K$188*30+ROW()-1) -> 133.9 | AG14: =INDIRECT("ag"&Изчисления!$K$188*30+ROW()-1) -> 134.3 | AH14: =INDIRECT("ah"&Изчисления!$K$188*30+ROW()-1) -> 113.3
B15: φе | C15: % | D15: =INDIRECT("D"&Изчисления!$K$188*30+ROW()-1) -> 87 | E15: =INDIRECT("E"&Изчисления!$K$188*30+ROW()-1) -> 87 | F15: =INDIRECT("f"&Изчисления!$K$188*30+ROW()-1) -> 89 | G15: =INDIRECT("g"&Изчисления!$K$188*30+ROW()-1) -> 89 | H15: =INDIRECT("h"&Изчисления!$K$188*30+ROW()-1) -> 90 | I15: =INDIRECT("i"&Изчисления!$K$188*30+ROW()-1) -> 89 | J15: =INDIRECT("j"&Изчисления!$K$188*30+ROW()-1) -> 87 | K15: =INDIRECT("k"&Изчисления!$K$188*30+ROW()-1) -> 85 | L15: =INDIRECT("l"&Изчисления!$K$188*30+ROW()-1) -> 81 | M15: =INDIRECT("m"&Изчисления!$K$188*30+ROW()-1) -> 77 | N15: =INDIRECT("n"&Изчисления!$K$188*30+ROW()-1) -> 73 | O15: =INDIRECT("o"&Изчисления!$K$188*30+ROW()-1) -> 72 | P15: =INDIRECT("p"&Изчисления!$K$188*30+ROW()-1) -> 71 | Q15: =INDIRECT("q"&Изчисления!$K$188*30+ROW()-1) -> 68 | R15: =INDIRECT("r"&Изчисления!$K$188*30+ROW()-1) -> 70 | S15: =INDIRECT("s"&Изчисления!$K$188*30+ROW()-1) -> 71 | T15: =INDIRECT("t"&Изчисления!$K$188*30+ROW()-1) -> 72 | U15: =INDIRECT("u"&Изчисления!$K$188*30+ROW()-1) -> 75 | V15: =INDIRECT("v"&Изчисления!$K$188*30+ROW()-1) -> 78 | W15: =INDIRECT("w"&Изчисления!$K$188*30+ROW()-1) -> 81 | X15: =INDIRECT("x"&Изчисления!$K$188*30+ROW()-1) -> 83 | Y15: =INDIRECT("y"&Изчисления!$K$188*30+ROW()-1) -> 85 | Z15: =INDIRECT("z"&Изчисления!$K$188*30+ROW()-1) -> 86 | AA15: =INDIRECT("aa"&Изчисления!$K$188*30+ROW()-1) -> 87 | AB15: Isol, хор | AC15: W/m2 | AD15: =INDIRECT("ad"&Изчисления!$K$188*30+ROW()-1) -> 206.9 | AE15: =INDIRECT("ae"&Изчисления!$K$188*30+ROW()-1) -> 231.2 | AF15: =INDIRECT("af"&Изчисления!$K$188*30+ROW()-1) -> 239.9 | AG15: =INDIRECT("ag"&Изчисления!$K$188*30+ROW()-1) -> 233 | AH15: =INDIRECT("ah"&Изчисления!$K$188*30+ROW()-1) -> 178.7
A16: Септември | B16: θе | C16: C | D16: =INDIRECT("D"&Изчисления!$K$188*30+ROW()-1) -> 15.3 | E16: =INDIRECT("E"&Изчисления!$K$188*30+ROW()-1) -> 15.5 | F16: =INDIRECT("f"&Изчисления!$K$188*30+ROW()-1) -> 15.2 | G16: =INDIRECT("g"&Изчисления!$K$188*30+ROW()-1) -> 14.7 | H16: =INDIRECT("h"&Изчисления!$K$188*30+ROW()-1) -> 14.7 | I16: =INDIRECT("i"&Изчисления!$K$188*30+ROW()-1) -> 14.6 | J16: =INDIRECT("j"&Изчисления!$K$188*30+ROW()-1) -> 15.5 | K16: =INDIRECT("k"&Изчисления!$K$188*30+ROW()-1) -> 16.7 | L16: =INDIRECT("l"&Изчисления!$K$188*30+ROW()-1) -> 18.4 | M16: =INDIRECT("m"&Изчисления!$K$188*30+ROW()-1) -> 20.1 | N16: =INDIRECT("n"&Изчисления!$K$188*30+ROW()-1) -> 21.8 | O16: =INDIRECT("o"&Изчисления!$K$188*30+ROW()-1) -> 22 | P16: =INDIRECT("p"&Изчисления!$K$188*30+ROW()-1) -> 22.8 | Q16: =INDIRECT("q"&Изчисления!$K$188*30+ROW()-1) -> 23.1 | R16: =INDIRECT("r"&Изчисления!$K$188*30+ROW()-1) -> 22.7 | S16: =INDIRECT("s"&Изчисления!$K$188*30+ROW()-1) -> 22.2 | T16: =INDIRECT("t"&Изчисления!$K$188*30+ROW()-1) -> 21.3 | U16: =INDIRECT("u"&Изчисления!$K$188*30+ROW()-1) -> 20.5 | V16: =INDIRECT("v"&Изчисления!$K$188*30+ROW()-1) -> 19.2 | W16: =INDIRECT("w"&Изчисления!$K$188*30+ROW()-1) -> 17.9 | X16: =INDIRECT("x"&Изчисления!$K$188*30+ROW()-1) -> 17.3 | Y16: =INDIRECT("y"&Изчисления!$K$188*30+ROW()-1) -> 16.5 | Z16: =INDIRECT("z"&Изчисления!$K$188*30+ROW()-1) -> 16.5 | AA16: =INDIRECT("aa"&Изчисления!$K$188*30+ROW()-1) -> 15.7 | AD16: =INDIRECT("ad"&Изчисления!$K$188*30+ROW()-1) -> 16 | AE16: =INDIRECT("ae"&Изчисления!$K$188*30+ROW()-1) -> 20.6 | AF16: =INDIRECT("af"&Изчисления!$K$188*30+ROW()-1) -> 23.4 | AG16: =INDIRECT("ag"&Изчисления!$K$188*30+ROW()-1) -> 23.1 | AH16: =INDIRECT("ah"&Изчисления!$K$188*30+ROW()-1) -> 19.7
B17: φе | C17: % | D17: =INDIRECT("D"&Изчисления!$K$188*30+ROW()-1) -> 80 | E17: =INDIRECT("E"&Изчисления!$K$188*30+ROW()-1) -> 79 | F17: =INDIRECT("f"&Изчисления!$K$188*30+ROW()-1) -> 80 | G17: =INDIRECT("g"&Изчисления!$K$188*30+ROW()-1) -> 81 | H17: =INDIRECT("h"&Изчисления!$K$188*30+ROW()-1) -> 80 | I17: =INDIRECT("i"&Изчисления!$K$188*30+ROW()-1) -> 80 | J17: =INDIRECT("j"&Изчисления!$K$188*30+ROW()-1) -> 78 | K17: =INDIRECT("k"&Изчисления!$K$188*30+ROW()-1) -> 73 | L17: =INDIRECT("l"&Изчисления!$K$188*30+ROW()-1) -> 67 | M17: =INDIRECT("m"&Изчисления!$K$188*30+ROW()-1) -> 61 | N17: =INDIRECT("n"&Изчисления!$K$188*30+ROW()-1) -> 58 | O17: =INDIRECT("o"&Изчисления!$K$188*30+ROW()-1) -> 56 | P17: =INDIRECT("p"&Изчисления!$K$188*30+ROW()-1) -> 55 | Q17: =INDIRECT("q"&Изчисления!$K$188*30+ROW()-1) -> 56 | R17: =INDIRECT("r"&Изчисления!$K$188*30+ROW()-1) -> 55 | S17: =INDIRECT("s"&Изчисления!$K$188*30+ROW()-1) -> 58 | T17: =INDIRECT("t"&Изчисления!$K$188*30+ROW()-1) -> 63 | U17: =INDIRECT("u"&Изчисления!$K$188*30+ROW()-1) -> 64 | V17: =INDIRECT("v"&Изчисления!$K$188*30+ROW()-1) -> 68 | W17: =INDIRECT("w"&Изчисления!$K$188*30+ROW()-1) -> 73 | X17: =INDIRECT("x"&Изчисления!$K$188*30+ROW()-1) -> 74 | Y17: =INDIRECT("y"&Изчисления!$K$188*30+ROW()-1) -> 78 | Z17: =INDIRECT("z"&Изчисления!$K$188*30+ROW()-1) -> 77 | AA17: =INDIRECT("aa"&Изчисления!$K$188*30+ROW()-1) -> 79 | AE17: =INDIRECT("ae"&Изчисления!$K$188*30+ROW()-1) -> 5 | AF17: № на климатична зона
A18: Октомври | B18: θе | C18: C | D18: =IF(Изчисления!$K$196=1,$M$21,INDIRECT("D"&Изчисления!$K$188*30+ROW()-1)) -> 14.5 | E18: =IF(Изчисления!$K$196=1,$M$21,INDIRECT("D"&Изчисления!$K$188*30+ROW()-1)) -> 14.5 | F18: =IF(Изчисления!$K$196=1,$M$21,INDIRECT("D"&Изчисления!$K$188*30+ROW()-1)) -> 14.5 | G18: =IF(Изчисления!$K$196=1,$M$21,INDIRECT("D"&Изчисления!$K$188*30+ROW()-1)) -> 14.5 | H18: =IF(Изчисления!$K$196=1,$M$21,INDIRECT("D"&Изчисления!$K$188*30+ROW()-1)) -> 14.5 | I18: =IF(Изчисления!$K$196=1,$M$21,INDIRECT("D"&Изчисления!$K$188*30+ROW()-1)) -> 14.5 | J18: =IF(Изчисления!$K$196=1,$M$21,INDIRECT("D"&Изчисления!$K$188*30+ROW()-1)) -> 14.5 | K18: =IF(Изчисления!$K$196=1,$M$21,INDIRECT("D"&Изчисления!$K$188*30+ROW()-1)) -> 14.5 | ... AA18: =IF(Изчисления!$K$196=1,$M$21,INDIRECT("D"&Изчисления!$K$188*30+ROW()-1)) -> 14.5 | AB18: DD | AE18: θе= | AF18: =INDIRECT("af"&Изчисления!$K$188*30+ROW()-1) -> 2.2 | AG18: януари средна месечна
A19: Ноември | B19: θе | C19: C | D19: =IF(Изчисления!$K$196=1,$N$21,INDIRECT("D"&Изчисления!$K$188*30+ROW()-1)) -> 9.4 | E19: =IF(Изчисления!$K$196=1,$N$21,INDIRECT("D"&Изчисления!$K$188*30+ROW()-1)) -> 9.4 | F19: =IF(Изчисления!$K$196=1,$N$21,INDIRECT("D"&Изчисления!$K$188*30+ROW()-1)) -> 9.4 | G19: =IF(Изчисления!$K$196=1,$N$21,INDIRECT("D"&Изчисления!$K$188*30+ROW()-1)) -> 9.4 | H19: =IF(Изчисления!$K$196=1,$N$21,INDIRECT("D"&Изчисления!$K$188*30+ROW()-1)) -> 9.4 | I19: =IF(Изчисления!$K$196=1,$N$21,INDIRECT("D"&Изчисления!$K$188*30+ROW()-1)) -> 9.4 | J19: =IF(Изчисления!$K$196=1,$N$21,INDIRECT("D"&Изчисления!$K$188*30+ROW()-1)) -> 9.4 | K19: =IF(Изчисления!$K$196=1,$N$21,INDIRECT("D"&Изчисления!$K$188*30+ROW()-1)) -> 9.4 | ... AA19: =IF(Изчисления!$K$196=1,$N$21,INDIRECT("D"&Изчисления!$K$188*30+ROW()-1)) -> 9.4 | AB19: =INDIRECT("ab"&Изчисления!$K$188*30+ROW()-1) -> 2300 | AE19: =INDIRECT("ae"&Изчисления!$K$188*30+ROW()-1) -> 25 | AF19: октомври
A20: Декември | B20: θе | C20: C | D20: =IF(Изчисления!$K$196=1,$O$21,INDIRECT("D"&Изчисления!$K$188*30+ROW()-1)) -> 4.6 | E20: =IF(Изчисления!$K$196=1,$O$21,INDIRECT("D"&Изчисления!$K$188*30+ROW()-1)) -> 4.6 | F20: =IF(Изчисления!$K$196=1,$O$21,INDIRECT("D"&Изчисления!$K$188*30+ROW()-1)) -> 4.6 | G20: =IF(Изчисления!$K$196=1,$O$21,INDIRECT("D"&Изчисления!$K$188*30+ROW()-1)) -> 4.6 | H20: =IF(Изчисления!$K$196=1,$O$21,INDIRECT("D"&Изчисления!$K$188*30+ROW()-1)) -> 4.6 | I20: =IF(Изчисления!$K$196=1,$O$21,INDIRECT("D"&Изчисления!$K$188*30+ROW()-1)) -> 4.6 | J20: =IF(Изчисления!$K$196=1,$O$21,INDIRECT("D"&Изчисления!$K$188*30+ROW()-1)) -> 4.6 | K20: =IF(Изчисления!$K$196=1,$O$21,INDIRECT("D"&Изчисления!$K$188*30+ROW()-1)) -> 4.6 | ... AA20: =IF(Изчисления!$K$196=1,$O$21,INDIRECT("D"&Изчисления!$K$188*30+ROW()-1)) -> 4.6 | AE20: =INDIRECT("ae"&Изчисления!$K$188*30+ROW()-1) -> 19 | AF20: април
A21: Среднмес. Темп | C21: С | D21: =INDIRECT("D"&Изчисления!$K$188*30+ROW()-1) -> 2.2 | E21: =INDIRECT("E"&Изчисления!$K$188*30+ROW()-1) -> 2.9 | F21: =INDIRECT("f"&Изчисления!$K$188*30+ROW()-1) -> 5.7 | G21: =INDIRECT("g"&Изчисления!$K$188*30+ROW()-1) -> 10.9 | H21: =INDIRECT("h"&Изчисления!$K$188*30+ROW()-1) -> 16 | I21: =INDIRECT("i"&Изчисления!$K$188*30+ROW()-1) -> 20.6 | J21: =INDIRECT("j"&Изчисления!$K$188*30+ROW()-1) -> 23.4 | K21: =INDIRECT("k"&Изчисления!$K$188*30+ROW()-1) -> 23.1 | L21: =INDIRECT("l"&Изчисления!$K$188*30+ROW()-1) -> 19.7 | M21: =INDIRECT("m"&Изчисления!$K$188*30+ROW()-1) -> 14.5 | N21: =INDIRECT("n"&Изчисления!$K$188*30+ROW()-1) -> 9.4 | O21: =INDIRECT("o"&Изчисления!$K$188*30+ROW()-1) -> 4.6 | X21: =INDIRECT("x"&Изчисления!$K$188*30+ROW()-1) -> HT | Y21: =INDIRECT("y"&Изчисления!$K$188*30+ROW()-1) -> 1.28 | Z21: =INDIRECT("z"&Изчисления!$K$188*30+ROW()-1) -> 2.12 | AA21: =INDIRECT("aa"&Изчисления!$K$188*30+ROW()-1) -> 2.85 | AB21: =INDIRECT("ab"&Изчисления!$K$188*30+ROW()-1) -> 3.87 | AC21: =INDIRECT("ac"&Изчисления!$K$188*30+ROW()-1) -> 4.97 | AD21: =INDIRECT("ad"&Изчисления!$K$188*30+ROW()-1) -> 5.55 | AE21: =INDIRECT("ae"&Изчисления!$K$188*30+ROW()-1) -> 5.76 | AF21: =INDIRECT("af"&Изчисления!$K$188*30+ROW()-1) -> 5.59 | AG21: =INDIRECT("ag"&Изчисления!$K$188*30+ROW()-1) -> 4.29 | AH21: =INDIRECT("ah"&Изчисления!$K$188*30+ROW()-1) -> 2.54 | AI21: =INDIRECT("ai"&Изчисления!$K$188*30+ROW()-1) -> 1.51 | AJ21: =INDIRECT("aj"&Изчисления!$K$188*30+ROW()-1) -> 1.11
X22: =INDIRECT("x"&Изчисления!$K$188*30+ROW()-1) -> KT | Y22: =INDIRECT("y"&Изчисления!$K$188*30+ROW()-1) -> 0.34 | Z22: =INDIRECT("z"&Изчисления!$K$188*30+ROW()-1) -> 0.41 | AA22: =INDIRECT("aa"&Изчисления!$K$188*30+ROW()-1) -> 0.43 | AB22: =INDIRECT("ab"&Изчисления!$K$188*30+ROW()-1) -> 0.42 | AC22: =INDIRECT("ac"&Изчисления!$K$188*30+ROW()-1) -> 0.46 | AD22: =INDIRECT("ad"&Изчисления!$K$188*30+ROW()-1) -> 0.49 | AE22: =INDIRECT("ae"&Изчисления!$K$188*30+ROW()-1) -> 0.52 | AF22: =INDIRECT("af"&Изчисления!$K$188*30+ROW()-1) -> 0.57 | AG22: =INDIRECT("ag"&Изчисления!$K$188*30+ROW()-1) -> 0.54 | AH22: =INDIRECT("ah"&Изчисления!$K$188*30+ROW()-1) -> 0.44 | AI22: =INDIRECT("ai"&Изчисления!$K$188*30+ROW()-1) -> 0.37 | AJ22: =INDIRECT("aj"&Изчисления!$K$188*30+ROW()-1) -> 0.33
A30: Климатична зона №1
B32: Час | C32: - | D32: 0 | E32: 1 | F32: 2 | G32: 3 | H32: 4 | I32: 5 | J32: 6 | K32: 7 | L32: 8 | M32: 9 | N32: 10 | O32: 11 | P32: 12 | Q32: 13 | R32: 14 | S32: 15 | T32: 16 | U32: 17 | V32: 18 | W32: 19 | X32: 20 | Y32: 21 | Z32: 22 | AA32: 23 | AB32: Зимен период
A33: Януари | B33: θе | C33: C | D33: 2.8 | E33: 2.5 | F33: 2.3 | G33: 2.3 | H33: 2.2 | I33: 2 | J33: 1.9 | K33: 2 | L33: 2.6 | M33: 3.5 | N33: 4.6 | O33: 5.1 | P33: 5.7 | Q33: 5.9 | R33: 5.6 | S33: 5.1 | T33: 4.7 | U33: 4 | V33: 3.6 | W33: 3.4 | X33: 2.9 | Y33: 2.9 | Z33: 3 | AA33: 2.7 | AB33: Isol, с | AC33: W/m2 | AD33: 22.9 | AE33: 34.8 | AF33: 47.7 | AG33: 63.6 | AH33: 40.9 | AI33: 26.1 | AJ33: 20.2
A34: Февруари | B34: θе | C34: C | D34: 1.7 | E34: 1.6 | F34: 1.6 | G34: 1.6 | H34: 1.9 | I34: 1.8 | J34: 1.7 | K34: 1.7 | L34: 2.5 | M34: 3.7 | N34: 4.9 | O34: 5.4 | P34: 6 | Q34: 6.7 | R34: 6.4 | S34: 6 | T34: 5.6 | U34: 4.8 | V34: 4.1 | W34: 3.5 | X34: 3 | Y34: 2.5 | Z34: 2.5 | AA34: 2.3 | AB34: Isol, и | AC34: W/m2 | AD34: 40.4 | AE34: 59.2 | AF34: 68.4 | AG34: 85.5 | AH34: 68 | AI34: 45.8 | AJ34: 36.6
A35: Март | B35: θе | C35: C | D35: 3.7 | E35: 3.7 | F35: 3.6 | G35: 3.5 | H35: 3.4 | I35: 3.5 | J35: 3.6 | K35: 3.7 | L35: 4.5 | M35: 5.4 | N35: 6.3 | O35: 6.6 | P35: 7 | Q35: 7.4 | R35: 7.1 | S35: 6.8 | T35: 6.4 | U35: 5.9 | V35: 5.3 | W35: 4.8 | X35: 4.5 | Y35: 4.3 | Z35: 4 | AA35: 3.9 | AB35: Isol, ю | AC35: W/m2 | AD35: 72.7 | AE35: 95.9 | AF35: 87.5 | AG35: 83.7 | AH35: 104.3 | AI35: 80.6 | AJ35: 67.8
A36: Април | B36: θе | C36: C | D36: 8 | E36: 8 | F36: 7.6 | G36: 7.5 | H36: 7.4 | I36: 7.4 | J36: 8.4 | K36: 9.5 | L36: 11 | M36: 12 | N36: 13 | O36: 13 | P36: 13 | Q36: 13 | R36: 13 | S36: 13 | T36: 12 | U36: 11 | V36: 11 | W36: 9.8 | X36: 9.3 | Y36: 9.1 | Z36: 8.8 | AA36: 8.5 | AB36: Isol, з | AC36: W/m2 | AD36: 40.4 | AE36: 59.2 | AF36: 68.4 | AG36: 85.5 | AH36: 68 | AI36: 45.8 | AJ36: 36.6
A37: Май | B37: θе | C37: C | D37: 13.3 | E37: 13.1 | F37: 12.9 | G37: 12.7 | H37: 12.5 | I37: 13.4 | J37: 14.3 | K37: 15.2 | L37: 16.1 | M37: 17.2 | N37: 18.2 | O37: 18.1 | P37: 18.1 | Q37: 18.1 | R37: 17.8 | S37: 17.5 | T37: 17.2 | U37: 16.6 | V37: 15.9 | W37: 15.3 | X37: 14.8 | Y37: 14.3 | Z37: 13.9 | AA37: 13.6 | AB37: Isol, хор | AC37: W/m2 | AD37: 50.1 | AE37: 81.2 | AF37: 109 | AG37: 149.7 | AH37: 97.2 | AI37: 58.3 | AJ37: 43.9
B38: φе | C38: % | D38: 78 | E38: 77 | F38: 79 | G38: 80 | H38: 81 | I38: 79 | J38: 76 | K38: 74 | L38: 71 | M38: 68 | N38: 65 | O38: 66 | P38: 67 | Q38: 68 | R38: 69 | S38: 69 | T38: 70 | U38: 73 | V38: 75 | W38: 78 | X38: 78 | Y38: 78 | Z38: 77 | AA38: 78 | AC38: темп | AD38: 1.9 | AE38: 2.7 | AF38: 5.1 | AG38: 10.2 | AH38: 13.8 | AI38: 9 | AJ38: 4.3
A39: Юни | B39: θе | C39: C | D39: 16 | E39: 16.8 | F39: 15.8 | G39: 15.3 | H39: 16.1 | I39: 15.9 | J39: 17.8 | K39: 19 | L39: 21.3 | M39: 22.5 | N39: 22.3 | O39: 23.8 | P39: 23.9 | Q39: 23.3 | R39: 24.1 | S39: 23.8 | T39: 22.3 | U39: 22.2 | V39: 20.9 | W39: 19.5 | X39: 17.8 | Y39: 17.6 | Z39: 17.4 | AA39: 16.4 | AB39: Летен период
B40: φе | C40: % | D40: 89 | E40: 89 | F40: 90 | G40: 91 | H40: 88 | I40: 89 | J40: 83 | K40: 79 | L40: 69 | M40: 65 | N40: 71 | O40: 59 | P40: 60 | Q40: 70 | R40: 59 | S40: 59 | T40: 73 | U40: 65 | V40: 72 | W40: 82 | X40: 86 | Y40: 87 | Z40: 89 | AA40: 88 | AB40: Isol, с | AC40: W/m2 | AD40: 77.7 | AE40: 84.3 | AF40: 83.7 | AG40: 75.9 | AH40: 60.7
A41: Юли | B41: θе | C41: C | D41: 18.8 | E41: 19.8 | F41: 18.5 | G41: 18.2 | H41: 19.2 | I41: 18.5 | J41: 20.5 | K41: 22 | L41: 24.1 | M41: 25.5 | N41: 25.9 | O41: 26.6 | P41: 26.8 | Q41: 26.5 | R41: 26.8 | S41: 26.5 | T41: 25.7 | U41: 25.1 | V41: 24 | W41: 22.9 | X41: 21.1 | Y41: 20.2 | Z41: 20.8 | AA41: 19.1 | AB41: Isol, и | AC41: W/m2 | AD41: 108.3 | AE41: 122 | AF41: 126.4 | AG41: 126.2 | AH41: 104.5
B42: φе | C42: % | D42: 87 | E42: 82 | F42: 89 | G42: 89 | H42: 83 | I42: 88 | J42: 81 | K42: 77 | L42: 68 | M42: 61 | N42: 65 | O42: 55 | P42: 56 | Q42: 65 | R42: 55 | S42: 57 | T42: 67 | U42: 62 | V42: 66 | W42: 74 | X42: 80 | Y42: 84 | Z42: 81 | AA42: 86 | AB42: Isol, ю | AC42: W/m2 | AD42: 90.5 | AE42: 97.4 | AF42: 104.9 | AG42: 126.5 | AH42: 133.7
A43: Август | B43: θе | C43: C | D43: 19.1 | E43: 18.8 | F43: 18.5 | G43: 18.3 | H43: 18 | I43: 18.7 | J43: 19.5 | K43: 20 | L43: 21.5 | M43: 22.9 | N43: 24.3 | O43: 24.6 | P43: 24.9 | Q43: 25.3 | R43: 25.1 | S43: 24.8 | T43: 24.5 | U43: 23.5 | V43: 22.5 | W43: 21.5 | X43: 20.9 | Y43: 20.3 | Z43: 19.8 | AA43: 19.5 | AB43: Isol, з | AC43: W/m2 | AD43: 108.3 | AE43: 122 | AF43: 126.4 | AG43: 126.2 | AH43: 104.5
B44: φе | C44: % | D44: 87 | E44: 87 | F44: 89 | G44: 89 | H44: 90 | I44: 89 | J44: 87 | K44: 85 | L44: 81 | M44: 77 | N44: 73 | O44: 72 | P44: 71 | Q44: 68 | R44: 70 | S44: 71 | T44: 72 | U44: 75 | V44: 78 | W44: 81 | X44: 83 | Y44: 85 | Z44: 86 | AA44: 87 | AB44: Isol, хор | AC44: W/m2 | AD44: 194.1 | AE44: 218 | AF44: 226.5 | AG44: 219.7 | AH44: 166.5
A45: Септември | B45: θе | C45: C | D45: 15.3 | E45: 15.5 | F45: 15.2 | G45: 14.7 | H45: 14.7 | I45: 14.6 | J45: 15.5 | K45: 16.7 | L45: 18.4 | M45: 20.1 | N45: 21.8 | O45: 22 | P45: 22.8 | Q45: 23.1 | R45: 22.7 | S45: 22.2 | T45: 21.3 | U45: 20.5 | V45: 19.2 | W45: 17.9 | X45: 17.3 | Y45: 16.5 | Z45: 16.5 | AA45: 15.7 | AD45: 15.6 | AE45: 20.2 | AF45: 23.7 | AG45: 22.3 | AH45: 19
B46: φе | C46: % | D46: 80 | E46: 79 | F46: 80 | G46: 81 | H46: 80 | I46: 80 | J46: 78 | K46: 73 | L46: 67 | M46: 61 | N46: 58 | O46: 56 | P46: 55 | Q46: 56 | R46: 55 | S46: 58 | T46: 63 | U46: 64 | V46: 68 | W46: 73 | X46: 74 | Y46: 78 | Z46: 77 | AA46: 79 | AE46: 1 | AF46: № на климатична зона
A47: Октомври | B47: θе | C47: C | D47: 11 | E47: 12 | F47: 11 | G47: 10 | H47: 12 | I47: 10 | J47: 10 | K47: 12 | L47: 13 | M47: 15 | N47: 16 | O47: 17 | P47: 18 | Q47: 18 | R47: 17 | S47: 17 | T47: 16 | U47: 14 | V47: 13 | W47: 14 | X47: 12 | Y47: 12 | Z47: 12 | AA47: 11 | AB47: DD | AE47: θе= | AF47: 1.9 | AG47: януари средна месечна
A48: Ноември | B48: θе | C48: C | D48: 6.1 | E48: 7 | F48: 6 | G48: 5.9 | H48: 6.8 | I48: 5.1 | J48: 4.9 | K48: 6.6 | L48: 7.2 | M48: 8.9 | N48: 10 | O48: 11 | P48: 12 | Q48: 12 | R48: 12 | S48: 11 | T48: 10 | U48: 8.7 | V48: 7.6 | W48: 7.9 | X48: 6.9 | Y48: 6.6 | Z48: 7.2 | AA48: 6.2 | AB48: 2400 | AE48: 21 | AF48: октомври
A49: Декември | B49: θе | C49: C | D49: 2.8 | E49: 2.7 | F49: 2.6 | G49: 2.6 | H49: 2.6 | I49: 2.6 | J49: 2.7 | K49: 2.6 | L49: 3.2 | M49: 3.7 | N49: 4.2 | O49: 4.8 | P49: 5.4 | Q49: 5.9 | R49: 5.5 | S49: 5 | T49: 4.5 | U49: 4.2 | V49: 4 | W49: 3.8 | X49: 3.6 | Y49: 3.3 | Z49: 3.1 | AA49: 2.9 | AE49: 20 | AF49: април
A50: Среднмес. Темп | C50: С | D50: 1.9 | E50: 2.7 | F50: 5.1 | G50: 10.2 | H50: 15.6 | I50: 20.2 | J50: 23.7 | K50: 22.3 | L50: 19 | M50: 13.8 | N50: 9 | O50: 4.3 | X50: HT | Y50: 1.2 | Z50: 1.95 | AA50: 2.62 | AB50: 3.59 | AC50: 4.66 | AD50: 5.23 | AE50: 5.44 | AF50: 5.27 | AG50: 4 | AH50: 2.33 | AI50: 1.4 | AJ50: 1.05
X51: KT | Y51: 0.33 | Z51: 0.38 | AA51: 0.37 | AB51: 0.4 | AC51: 0.43 | AD51: 0.45 | AE51: 0.49 | AF51: 0.54 | AG51: 0.51 | AH51: 0.41 | AI51: 0.35 | AJ51: 0.33
A60: Климатична зона №2
B62: Час | C62: - | D62: 0 | E62: 1 | F62: 2 | G62: 3 | H62: 4 | I62: 5 | J62: 6 | K62: 7 | L62: 8 | M62: 9 | N62: 10 | O62: 11 | P62: 12 | Q62: 13 | R62: 14 | S62: 15 | T62: 16 | U62: 17 | V62: 18 | W62: 19 | X62: 20 | Y62: 21 | Z62: 22 | AA62: 23 | AB62: Зимен период
A63: Януари | B63: θе | C63: C | D63: -0.8 | E63: -0.9 | F63: -1.5 | G63: -1.8 | H63: -1.5 | I63: -1.7 | J63: -1.7 | K63: -1.6 | L63: -1.3 | M63: -0.6 | N63: 0.2 | O63: 1 | P63: 1.6 | Q63: 2.4 | R63: 2.3 | S63: 2.3 | T63: 2.2 | U63: 1.1 | V63: 0.5 | W63: 0.1 | X63: -0.3 | Y63: -0.4 | Z63: -0.5 | AA63: -0.7 | AB63: Isol, с | AC63: W/m2 | AD63: 22.9 | AE63: 34.8 | AF63: 47.7 | AG63: 63.6 | AH63: 40.9 | AI63: 26.1 | AJ63: 20.2
A64: Февруари | B64: θе | C64: C | D64: -2.3 | E64: -1.6 | F64: -3 | G64: -3.1 | H64: -2.1 | I64: -3.7 | J64: -3.9 | K64: -2.5 | L64: -2.9 | M64: -1.6 | N64: 0.4 | O64: 1.4 | P64: 2.6 | Q64: 3.7 | R64: 4.1 | S64: 3.9 | T64: 3.6 | U64: 2.4 | V64: 1.1 | W64: 1.1 | X64: -0.3 | Y64: -0.7 | Z64: -0.4 | AA64: -2 | AB64: Isol, и | AC64: W/m2 | AD64: 40.4 | AE64: 59.2 | AF64: 68.4 | AG64: 85.5 | AH64: 68 | AI64: 45.8 | AJ64: 36.6
A65: Март | B65: θе | C65: C | D65: 3.1 | E65: 2.6 | F65: 2.2 | G65: 1.9 | H65: 2 | I65: 1.8 | J65: 1.7 | K65: 1.9 | L65: 3.1 | M65: 4.5 | N65: 5.8 | O65: 6.7 | P65: 7.3 | Q65: 8 | R65: 8.4 | S65: 8.4 | T65: 8.4 | U65: 7.6 | V65: 6.8 | W65: 6 | X65: 5.2 | Y65: 4.6 | Z65: 4.2 | AA65: 3.6 | AB65: Isol, ю | AC65: W/m2 | AD65: 72.7 | AE65: 95.9 | AF65: 87.5 | AG65: 83.7 | AH65: 104.3 | AI65: 80.6 | AJ65: 67.8
A66: Април | B66: θе | C66: C | D66: 9.2 | E66: 8.3 | F66: 8.1 | G66: 7.7 | H66: 7.3 | I66: 7.6 | J66: 7.9 | K66: 8.1 | L66: 8.9 | M66: 9.9 | N66: 11.6 | O66: 12.2 | P66: 12.9 | Q66: 14 | R66: 13.7 | S66: 13.5 | T66: 13.2 | U66: 12.7 | V66: 12 | W66: 11.1 | X66: 10.7 | Y66: 10.1 | Z66: 9.5 | AA66: 9.5 | AB66: Isol, з | AC66: W/m2 | AD66: 40.4 | AE66: 59.2 | AF66: 68.4 | AG66: 85.5 | AH66: 68 | AI66: 45.8 | AJ66: 36.6
A67: Май | B67: θе | C67: C | D67: 11.8 | E67: 11.2 | F67: 10.9 | G67: 10.6 | H67: 10.3 | I67: 10.7 | J67: 11.4 | K67: 12.2 | L67: 13.3 | M67: 14.5 | N67: 15.5 | O67: 16.5 | P67: 17.1 | Q67: 17.9 | R67: 18.4 | S67: 18.3 | T67: 18.2 | U67: 17.9 | V67: 17.2 | W67: 16.6 | X67: 15.7 | Y67: 14.9 | Z67: 13.9 | AA67: 13 | AB67: Isol, хор | AC67: W/m2 | AD67: 50.1 | AE67: 81.2 | AF67: 109 | AG67: 149.7 | AH67: 97.2 | AI67: 58.3 | AJ67: 43.9
B68: φе | C68: % | D68: 76.9 | E68: 78.9 | F68: 79.6 | G68: 81.2 | H68: 81.9 | I68: 80.7 | J68: 79.2 | K68: 76.9 | L68: 73.8 | M68: 69 | N68: 64.4 | O68: 61 | P68: 59.3 | Q68: 57.2 | R68: 53.9 | S68: 54.1 | T68: 54.7 | U68: 55.8 | V68: 58.1 | W68: 60.5 | X68: 63.7 | Y68: 67.2 | Z68: 70.2 | AA68: 74.3 | AC68: темп | AD68: 0.5 | AE68: 0.9 | AF68: 4 | AG68: 9.7 | AH68: 11.6 | AI68: 6.3 | AJ68: 0.7
A69: Юни | B69: θе | C69: C | D69: 15.4 | E69: 15.7 | F69: 14.5 | G69: 13.9 | H69: 14.3 | I69: 13.7 | J69: 15.5 | K69: 17.2 | L69: 18.3 | M69: 19.5 | N69: 20.7 | O69: 22.2 | P69: 23.2 | Q69: 22.7 | R69: 23.7 | S69: 23.6 | T69: 22.9 | U69: 22.5 | V69: 21.8 | W69: 20.8 | X69: 18.7 | Y69: 18.1 | Z69: 17.9 | AA69: 16.3 | AB69: Летен период
B70: φе | C70: % | D70: 85.6 | E70: 78.8 | F70: 86.4 | G70: 89.7 | H70: 83.5 | I70: 91.8 | J70: 86.9 | K70: 74.4 | L70: 75.6 | M70: 72.4 | N70: 63.4 | O70: 62.2 | P70: 59.2 | Q70: 56 | R70: 56.4 | S70: 56.5 | T70: 52 | U70: 58.6 | V70: 62 | W70: 61.9 | X70: 75.4 | Y70: 85.1 | Z70: 70.2 | AA70: 82 | AB70: Isol, с | AC70: W/m2 | AD70: 77.7 | AE70: 84.3 | AF70: 83.7 | AG70: 75.9 | AH70: 60.7
A71: Юли | B71: θе | C71: C | D71: 17.5 | E71: 17.1 | F71: 16.7 | G71: 16.3 | H71: 15.8 | I71: 16.6 | J71: 17.4 | K71: 18.1 | L71: 19.5 | M71: 20.8 | N71: 22.1 | O71: 22.8 | P71: 23.4 | Q71: 24 | R71: 23.9 | S71: 23.7 | T71: 23.5 | U71: 22.9 | V71: 22.2 | W71: 21.5 | X71: 20.5 | Y71: 19.5 | Z71: 18.6 | AA71: 18.1 | AB71: Isol, и | AC71: W/m2 | AD71: 108.3 | AE71: 122 | AF71: 126.4 | AG71: 126.2 | AH71: 104.5
B72: φе | C72: % | D72: 77.7 | E72: 78.5 | F72: 80.6 | G72: 82.5 | H72: 84.4 | I72: 81.9 | J72: 79.2 | K72: 76.6 | L72: 71.5 | M72: 66.8 | N72: 62.6 | O72: 59.9 | P72: 57.5 | Q72: 55 | R72: 55.9 | S72: 56.7 | T72: 57.6 | U72: 60 | V72: 62.6 | W72: 65.2 | X72: 68.2 | Y72: 71.6 | Z72: 74.7 | AA72: 75.8 | AB72: Isol, ю | AC72: W/m2 | AD72: 90.5 | AE72: 97.4 | AF72: 104.9 | AG72: 126.5 | AH72: 133.7
A73: Август | B73: θе | C73: C | D73: 17.4 | E73: 16.4 | F73: 16.1 | G73: 15.6 | H73: 15 | I73: 15.6 | J73: 16.5 | K73: 17.3 | L73: 18.4 | M73: 20.2 | N73: 22.4 | O73: 23 | P73: 23.9 | Q73: 24.9 | R73: 24.8 | S73: 24.6 | T73: 24.5 | U73: 23.6 | V73: 22.6 | W73: 21.4 | X73: 21 | Y73: 20.3 | Z73: 18.4 | AA73: 18 | AB73: Isol, з | AC73: W/m2 | AD73: 108.3 | AE73: 122 | AF73: 126.4 | AG73: 126.2 | AH73: 104.5
B74: φе | C74: % | D74: 69.8 | E74: 73.4 | F74: 74.5 | G74: 76.5 | H74: 79.4 | I74: 77.9 | J74: 75.7 | K74: 72.6 | L74: 68.7 | M74: 62.7 | N74: 55.9 | O74: 53.3 | P74: 50.2 | Q74: 46.5 | R74: 46.5 | S74: 46.5 | T74: 46.3 | U74: 49 | V74: 53.1 | W74: 57.5 | X74: 58.7 | Y74: 60.2 | Z74: 66 | AA74: 67.4 | AB74: Isol, хор | AC74: W/m2 | AD74: 194.1 | AE74: 218 | AF74: 226.5 | AG74: 219.7 | AH74: 166.5
A75: Септември | B75: θе | C75: C | D75: 14.1 | E75: 13.5 | F75: 13.2 | G75: 12.8 | H75: 12.4 | I75: 12.6 | J75: 12.8 | K75: 13.1 | L75: 14.7 | M75: 16.5 | N75: 18.3 | O75: 19.4 | P75: 20.5 | Q75: 21.6 | R75: 21.4 | S75: 21.3 | T75: 21.2 | U75: 20 | V75: 18.8 | W75: 17.6 | X75: 16.8 | Y75: 16 | Z75: 15.2 | AA75: 14.6 | AD75: 14.9 | AE75: 18.4 | AF75: 21 | AG75: 20.7 | AH75: 15.8
B76: φе | C76: % | D76: 72 | E76: 74.3 | F76: 75.5 | G76: 77 | H76: 78.3 | I76: 77.7 | J76: 77 | K76: 76.2 | L76: 69.6 | M76: 63 | N76: 57.6 | O76: 52.8 | P76: 48.8 | Q76: 45.4 | R76: 46 | S76: 46.9 | T76: 48 | U76: 51.6 | V76: 55.9 | W76: 60.4 | X76: 62.9 | Y76: 65.3 | Z76: 67.7 | AA76: 70 | AE76: 2 | AF76: № на климатична зона
A77: Октомври | B77: θе | C77: C | D77: 8.6 | E77: 9.2 | F77: 7.7 | G77: 7.6 | H77: 8.1 | I77: 6.9 | J77: 6.6 | K77: 8.4 | L77: 9.3 | M77: 11 | N77: 12.5 | O77: 14.3 | P77: 15.5 | Q77: 16 | R77: 16.7 | S77: 16.4 | T77: 15.6 | U77: 13.4 | V77: 12.1 | W77: 12 | X77: 10.5 | Y77: 9.8 | Z77: 10.3 | AA77: 8.6 | AB77: DD | AE77: θе= | AF77: 0.5 | AG77: януари средна месечна
A78: Ноември | B78: θе | C78: C | D78: 3.9 | E78: 3.7 | F78: 3.2 | G78: 3.1 | H78: 2.9 | I78: 2.6 | J78: 2.4 | K78: 2.8 | L78: 3.6 | M78: 4.6 | N78: 5.7 | O78: 6.5 | P78: 7.4 | Q78: 8.2 | R78: 8.3 | S78: 8.2 | T78: 7.6 | U78: 6.5 | V78: 6 | W78: 5.9 | X78: 5.1 | Y78: 4.8 | Z78: 4.8 | AA78: 4.1 | AB78: 2800 | AE78: 21 | AF78: октомври
A79: Декември | B79: θе | C79: C | D79: 0.4 | E79: 0.1 | F79: 0.1 | G79: 0 | H79: -0.2 | I79: -0.1 | J79: -0.3 | K79: -0.2 | L79: -0.1 | M79: 0.5 | N79: 1.3 | O79: 2.2 | P79: 1.8 | Q79: 2.7 | R79: 3.1 | S79: 2.8 | T79: 1.9 | U79: 1.6 | V79: 1.3 | W79: 1.1 | X79: 0.7 | Y79: 0.7 | Z79: 0.4 | AA79: 0.4 | AE79: 25 | AF79: април
A80: Среднмес. Темп | C80: С | D80: 0.5 | E80: 0.9 | F80: 4 | G80: 9.7 | H80: 14.9 | I80: 18.4 | J80: 21 | K80: 20.7 | L80: 15.8 | M80: 11.6 | N80: 6.3 | O80: 0.7 | X80: HT | Y80: 1.2 | Z80: 1.95 | AA80: 2.62 | AB80: 3.59 | AC80: 4.66 | AD80: 5.23 | AE80: 5.44 | AF80: 5.27 | AG80: 4 | AH80: 2.33 | AI80: 1.4 | AJ80: 1.05
X81: KT | Y81: 0.33 | Z81: 0.39 | AA81: 0.37 | AB81: 0.39 | AC81: 0.41 | AD81: 0.46 | AE81: 0.48 | AF81: 0.54 | AG81: 0.51 | AH81: 0.42 | AI81: 0.36 | AJ81: 0.34
A90: Климатична зона №3
B92: Час | C92: - | D92: 0 | E92: 1 | F92: 2 | G92: 3 | H92: 4 | I92: 5 | J92: 6 | K92: 7 | L92: 8 | M92: 9 | N92: 10 | O92: 11 | P92: 12 | Q92: 13 | R92: 14 | S92: 15 | T92: 16 | U92: 17 | V92: 18 | W92: 19 | X92: 20 | Y92: 21 | Z92: 22 | AA92: 23 | AB92: Зимен период
A93: Януари | B93: θе | C93: C | D93: -0.8 | E93: -0.9 | F93: -1.5 | G93: -1.8 | H93: -1.5 | I93: -1.7 | J93: -1.7 | K93: -1.6 | L93: -1.3 | M93: -0.6 | N93: 0.2 | O93: 1 | P93: 1.6 | Q93: 2.4 | R93: 2.3 | S93: 2.3 | T93: 2.2 | U93: 1.1 | V93: 0.5 | W93: 0.1 | X93: -0.3 | Y93: -0.4 | Z93: -0.5 | AA93: -0.7 | AB93: Isol, с | AC93: W/m2 | AD93: 21.2 | AE93: 33.5 | AF93: 46.2 | AG93: 62.4 | AH93: 38.9 | AI93: 24.4 | AJ93: 18.4
A94: Февруари | B94: θе | C94: C | D94: -2.3 | E94: -1.6 | F94: -3 | G94: -3.1 | H94: -2.1 | I94: -3.7 | J94: -3.9 | K94: -2.5 | L94: -2.9 | M94: -1.6 | N94: 0.4 | O94: 1.4 | P94: 2.6 | Q94: 3.7 | R94: 4.1 | S94: 3.9 | T94: 3.6 | U94: 2.4 | V94: 1.1 | W94: 1.1 | X94: -0.3 | Y94: -0.7 | Z94: -0.4 | AA94: -2 | AB94: Isol, и | AC94: W/m2 | AD94: 36.8 | AE94: 56.9 | AF94: 67 | AG94: 84.3 | AH94: 66.6 | AI94: 42.8 | AJ94: 32.6
A95: Март | B95: θе | C95: C | D95: 3.1 | E95: 2.6 | F95: 2.2 | G95: 1.9 | H95: 2 | I95: 1.8 | J95: 1.7 | K95: 1.9 | L95: 3.1 | M95: 4.5 | N95: 5.8 | O95: 6.7 | P95: 7.3 | Q95: 8 | R95: 8.4 | S95: 8.4 | T95: 8.4 | U95: 7.6 | V95: 6.8 | W95: 6 | X95: 5.2 | Y95: 4.6 | Z95: 4.2 | AA95: 3.6 | AB95: Isol, ю | AC95: W/m2 | AD95: 66.3 | AE95: 93 | AF95: 87.1 | AG95: 83.8 | AH95: 104.3 | AI95: 75.8 | AJ95: 60.3
A96: Април | B96: θе | C96: C | D96: 9.2 | E96: 8.3 | F96: 8.1 | G96: 7.7 | H96: 7.3 | I96: 7.6 | J96: 7.9 | K96: 8.1 | L96: 8.9 | M96: 9.9 | N96: 11.6 | O96: 12.2 | P96: 12.9 | Q96: 14 | R96: 13.7 | S96: 13.5 | T96: 13.2 | U96: 12.7 | V96: 12 | W96: 11.1 | X96: 10.7 | Y96: 10.1 | Z96: 9.5 | AA96: 9.5 | AB96: Isol, з | AC96: W/m2 | AD96: 36.8 | AE96: 56.9 | AF96: 67 | AG96: 84.3 | AH96: 66.6 | AI96: 42.8 | AJ96: 32.6
A97: Май | B97: θе | C97: C | D97: 11.8 | E97: 11.2 | F97: 10.9 | G97: 10.6 | H97: 10.3 | I97: 10.7 | J97: 11.4 | K97: 12.2 | L97: 13.3 | M97: 14.5 | N97: 15.5 | O97: 16.5 | P97: 17.1 | Q97: 17.9 | R97: 18.4 | S97: 18.3 | T97: 18.2 | U97: 17.9 | V97: 17.2 | W97: 16.6 | X97: 15.7 | Y97: 14.9 | Z97: 13.9 | AA97: 13 | AB97: Isol, хор | AC97: W/m2 | AD97: 45.5 | AE97: 77.6 | AF97: 105.9 | AG97: 147.1 | AH97: 93.9 | AI97: 54 | AJ97: 39.1
B98: φе | C98: % | D98: 76.9 | E98: 78.9 | F98: 79.6 | G98: 81.2 | H98: 81.9 | I98: 80.7 | J98: 79.2 | K98: 76.9 | L98: 73.8 | M98: 69 | N98: 64.4 | O98: 61 | P98: 59.3 | Q98: 57.2 | R98: 53.9 | S98: 54.1 | T98: 54.7 | U98: 55.8 | V98: 58.1 | W98: 60.5 | X98: 63.7 | Y98: 67.2 | Z98: 70.2 | AA98: 74.3 | AC98: темп | AD98: 0.1 | AE98: 0 | AF98: 5.9 | AG98: 12.5 | AH98: 13.3 | AI98: 6.7 | AJ98: 0.8
A99: Юни | B99: θе | C99: C | D99: 15.4 | E99: 15.7 | F99: 14.5 | G99: 13.9 | H99: 14.3 | I99: 13.7 | J99: 15.5 | K99: 17.2 | L99: 18.3 | M99: 19.5 | N99: 20.7 | O99: 22.2 | P99: 23.2 | Q99: 22.7 | R99: 23.7 | S99: 23.6 | T99: 22.9 | U99: 22.5 | V99: 21.8 | W99: 20.8 | X99: 18.7 | Y99: 18.1 | Z99: 17.9 | AA99: 16.3 | AB99: Летен период
B100: φе | C100: % | D100: 85.6 | E100: 78.8 | F100: 86.4 | G100: 89.7 | H100: 83.5 | I100: 91.8 | J100: 86.9 | K100: 74.4 | L100: 75.6 | M100: 72.4 | N100: 63.4 | O100: 62.2 | P100: 59.2 | Q100: 56 | R100: 56.4 | S100: 56.5 | T100: 52 | U100: 58.6 | V100: 62 | W100: 61.9 | X100: 75.4 | Y100: 75.1 | Z100: 70.2 | AA100: 82 | AB100: Isol, с | AC100: W/m2 | AD100: 76.8 | AE100: 83.4 | AF100: 82.7 | AG100: 74.5 | AH100: 58.7
A101: Юли | B101: θе | C101: C | D101: 17.5 | E101: 17.1 | F101: 16.7 | G101: 16.3 | H101: 15.8 | I101: 16.6 | J101: 17.4 | K101: 18.1 | L101: 19.5 | M101: 20.8 | N101: 22.1 | O101: 22.8 | P101: 23.4 | Q101: 24 | R101: 23.9 | S101: 23.7 | T101: 23.5 | U101: 22.9 | V101: 22.2 | W101: 21.5 | X101: 20.5 | Y101: 19.5 | Z101: 18.6 | AA101: 18.1 | AB101: Isol, и | AC101: W/m2 | AD101: 106.9 | AE101: 120.4 | AF101: 124.9 | AG101: 125.2 | AH101: 104.1
B102: φе | C102: % | D102: 77.7 | E102: 78.5 | F102: 80.6 | G102: 82.5 | H102: 84.4 | I102: 81.9 | J102: 79.2 | K102: 76.6 | L102: 71.5 | M102: 66.8 | N102: 62.6 | O102: 59.9 | P102: 57.5 | Q102: 55 | R102: 55.9 | S102: 56.7 | T102: 57.6 | U102: 60 | V102: 62.6 | W102: 65.2 | X102: 68.2 | Y102: 71.6 | Z102: 74.7 | AA102: 75.8 | AB102: Isol, ю | AC102: W/m2 | AD102: 90.2 | AE102: 96.7 | AF102: 104.7 | AG102: 127.9 | AH102: 136.5
A103: Август | B103: θе | C103: C | D103: 17.4 | E103: 16.4 | F103: 16.1 | G103: 15.6 | H103: 15 | I103: 15.6 | J103: 16.5 | K103: 17.3 | L103: 18.4 | M103: 20.2 | N103: 22.4 | O103: 23 | P103: 23.9 | Q103: 24.9 | R103: 24.8 | S103: 24.6 | T103: 24.5 | U103: 23.6 | V103: 22.6 | W103: 21.4 | X103: 21 | Y103: 20.3 | Z103: 18.4 | AA103: 18 | AB103: Isol, з | AC103: W/m2 | AD103: 106.9 | AE103: 120.4 | AF103: 124.9 | AG103: 125.2 | AH103: 104.1
B104: φе | C104: % | D104: 69.8 | E104: 73.4 | F104: 74.5 | G104: 76.5 | H104: 79.4 | I104: 77.9 | J104: 75.7 | K104: 72.6 | L104: 68.7 | M104: 62.7 | N104: 55.9 | O104: 53.3 | P104: 50.2 | Q104: 46.5 | R104: 46.5 | S104: 46.5 | T104: 46.3 | U104: 49 | V104: 53.1 | W104: 57.5 | X104: 58.7 | Y104: 60.2 | Z104: 66 | AA104: 67.4 | AB104: Isol, хор | AC104: W/m2 | AD104: 191.6 | AE104: 215.4 | AF104: 223.8 | AG104: 217 | AH104: 164
A105: Септември | B105: θе | C105: C | D105: 14.1 | E105: 13.5 | F105: 13.2 | G105: 12.8 | H105: 12.4 | I105: 12.6 | J105: 12.8 | K105: 13.1 | L105: 14.7 | M105: 16.5 | N105: 18.3 | O105: 19.4 | P105: 20.5 | Q105: 21.6 | R105: 21.4 | S105: 21.3 | T105: 21.2 | U105: 20 | V105: 18.8 | W105: 17.6 | X105: 16.8 | Y105: 16 | Z105: 15.2 | AA105: 14.6 | AD105: 17.4 | AE105: 21.4 | AF105: 24 | AG105: 23.4 | AH105: 19.2
B106: φе | C106: % | D106: 72 | E106: 74.3 | F106: 75.5 | G106: 77 | H106: 78.3 | I106: 77.7 | J106: 77 | K106: 76.2 | L106: 69.6 | M106: 63 | N106: 57.6 | O106: 52.8 | P106: 48.8 | Q106: 45.4 | R106: 46 | S106: 46.9 | T106: 48 | U106: 51.6 | V106: 55.9 | W106: 60.4 | X106: 62.9 | Y106: 95.3 | Z106: 67.7 | AA106: 70 | AE106: 3 | AF106: № на климатична зона
A107: Октомври | B107: θе | C107: C | D107: 8.6 | E107: 9.2 | F107: 7.7 | G107: 7.6 | H107: 8.1 | I107: 6.9 | J107: 6.6 | K107: 8.4 | L107: 9.3 | M107: 11 | N107: 12.5 | O107: 14.3 | P107: 15.5 | Q107: 16 | R107: 16.7 | S107: 16.4 | T107: 15.6 | U107: 13.4 | V107: 12.1 | W107: 12 | X107: 10.5 | Y107: 9.8 | Z107: 10.3 | AA107: 8.6 | AB107: DD | AE107: θе= | AF107: 0.1 | AG107: януари средна месечна
A108: Ноември | B108: θе | C108: C | D108: 3.9 | E108: 3.7 | F108: 3.2 | G108: 3.1 | H108: 2.9 | I108: 2.6 | J108: 2.4 | K108: 2.8 | L108: 3.6 | M108: 4.6 | N108: 5.7 | O108: 6.5 | P108: 7.4 | Q108: 8.2 | R108: 8.3 | S108: 8.2 | T108: 7.6 | U108: 6.5 | V108: 6 | W108: 5.9 | X108: 5.1 | Y108: 4.8 | Z108: 4.8 | AA108: 4.1 | AB108: 2600 | AE108: 23 | AF108: октомври
A109: Декември | B109: θе | C109: C | D109: 0.4 | E109: 0.1 | F109: 0.1 | G109: 0 | H109: -0.2 | I109: -0.1 | J109: -0.3 | K109: -0.2 | L109: -0.1 | M109: 0.5 | N109: 1.3 | O109: 2.2 | P109: 1.8 | Q109: 2.7 | R109: 3.1 | S109: 2.8 | T109: 1.9 | U109: 1.6 | V109: 1.3 | W109: 1.1 | X109: 0.7 | Y109: 0.7 | Z109: 0.4 | AA109: 0.4 | AE109: 15 | AF109: април
A110: Среднмес. Темп | C110: С | D110: 0.1 | E110: 0 | F110: 5.9 | G110: 12.5 | H110: 17.4 | I110: 21.4 | J110: 24 | K110: 23.4 | L110: 19.2 | M110: 13.3 | N110: 6.7 | O110: 0.8 | X110: HT | Y110: 1.09 | Z110: 1.86 | AA110: 2.54 | AB110: 3.53 | AC110: 4.6 | AD110: 5.17 | AE110: 5.37 | AF110: 5.21 | AG110: 3.94 | AH110: 2.25 | AI110: 1.3 | AJ110: 0.94
X111: KT | Y111: 0.3 | Z111: 0.38 | AA111: 0.36 | AB111: 0.38 | AC111: 0.43 | AD111: 0.45 | AE111: 0.48 | AF111: 0.53 | AG111: 0.5 | AH111: 0.4 | AI111: 0.33 | AJ111: 0.31
A120: Климатична зона №4
B122: Час | C122: - | D122: 0 | E122: 1 | F122: 2 | G122: 3 | H122: 4 | I122: 5 | J122: 6 | K122: 7 | L122: 8 | M122: 9 | N122: 10 | O122: 11 | P122: 12 | Q122: 13 | R122: 14 | S122: 15 | T122: 16 | U122: 17 | V122: 18 | W122: 19 | X122: 20 | Y122: 21 | Z122: 22 | AA122: 23 | AB122: Зимен период
A123: Януари | B123: θе | C123: C | D123: -0.8 | E123: -0.9 | F123: -1.5 | G123: -1.8 | H123: -1.5 | I123: -1.7 | J123: -1.7 | K123: -1.6 | L123: -1.3 | M123: -0.6 | N123: 0.2 | O123: 1 | P123: 1.6 | Q123: 2.4 | R123: 2.3 | S123: 2.3 | T123: 2.2 | U123: 1.1 | V123: 0.5 | W123: 0.1 | X123: -0.3 | Y123: -0.4 | Z123: -0.5 | AA123: -0.7 | AB123: Isol, с | AC123: W/m2 | AD123: 23 | AE123: 33.7 | AF123: 49 | AG123: 59.8 | AH123: 39 | AI123: 24.7 | AJ123: 19.7
A124: Февруари | B124: θе | C124: C | D124: -2.3 | E124: -1.6 | F124: -3 | G124: -3.1 | H124: -2.1 | I124: -3.7 | J124: -3.9 | K124: -2.5 | L124: -2.9 | M124: -1.6 | N124: 0.4 | O124: 1.4 | P124: 2.6 | Q124: 3.7 | R124: 4.1 | S124: 3.9 | T124: 3.6 | U124: 2.4 | V124: 1.1 | W124: 1.1 | X124: -0.3 | Y124: -0.7 | Z124: -0.4 | AA124: -2 | AB124: Isol, и | AC124: W/m2 | AD124: 40.6 | AE124: 54.9 | AF124: 73.7 | AG124: 76.5 | AH124: 63.6 | AI124: 41.5 | AJ124: 34.9
A125: Март | B125: θе | C125: C | D125: 3.1 | E125: 2.6 | F125: 2.2 | G125: 1.9 | H125: 2 | I125: 1.8 | J125: 1.7 | K125: 1.9 | L125: 3.1 | M125: 4.5 | N125: 5.8 | O125: 6.7 | P125: 7.3 | Q125: 8 | R125: 8.4 | S125: 8.4 | T125: 8.4 | U125: 7.6 | V125: 6.8 | W125: 6 | X125: 5.2 | Y125: 4.6 | Z125: 4.2 | AA125: 3.6 | AB125: Isol, ю | AC125: W/m2 | AD125: 73 | AE125: 87.2 | AF125: 96.1 | AG125: 72.4 | AH125: 96.4 | AI125: 71.8 | AJ125: 64
A126: Април | B126: θе | C126: C | D126: 9.2 | E126: 8.3 | F126: 8.1 | G126: 7.7 | H126: 7.3 | I126: 7.6 | J126: 7.9 | K126: 8.1 | L126: 8.9 | M126: 9.9 | N126: 11.6 | O126: 12.2 | P126: 12.9 | Q126: 14 | R126: 13.7 | S126: 13.5 | T126: 13.2 | U126: 12.7 | V126: 12 | W126: 11.1 | X126: 10.7 | Y126: 10.1 | Z126: 9.5 | AA126: 9.5 | AB126: Isol, з | AC126: W/m2 | AD126: 40.6 | AE126: 54.9 | AF126: 73.7 | AG126: 76.5 | AH126: 63.6 | AI126: 41.5 | AJ126: 34.9
A127: Май | B127: θе | C127: C | D127: 11.8 | E127: 11.2 | F127: 10.9 | G127: 10.6 | H127: 10.3 | I127: 10.7 | J127: 11.4 | K127: 12.2 | L127: 13.3 | M127: 14.5 | N127: 15.5 | O127: 16.5 | P127: 17.1 | Q127: 17.9 | R127: 18.4 | S127: 18.3 | T127: 18.2 | U127: 17.9 | V127: 17.2 | W127: 16.6 | X127: 15.7 | Y127: 14.9 | Z127: 13.9 | AA127: 13 | AB127: Isol, хор | AC127: W/m2 | AD127: 50.6 | AE127: 76.5 | AF127: 116.5 | AG127: 135 | AH127: 91.7 | AI127: 53.7 | AJ127: 42.3
B128: φе | C128: % | D128: 76.9 | E128: 78.9 | F128: 79.6 | G128: 81.2 | H128: 81.9 | I128: 80.7 | J128: 79.2 | K128: 76.9 | L128: 73.8 | M128: 69 | N128: 64.4 | O128: 61 | P128: 59.3 | Q128: 57.2 | R128: 53.9 | S128: 54.1 | T128: 54.7 | U128: 55.8 | V128: 58.1 | W128: 60.5 | X128: 63.7 | Y128: 67.2 | Z128: 70.2 | AA128: 74.3 | AC128: темп | AD128: -0.2 | AE128: 1.3 | AF128: 5.7 | AG128: 12.7 | AH128: 12.8 | AI128: 6.2 | AJ128: 0.4
A129: Юни | B129: θе | C129: C | D129: 15.4 | E129: 15.7 | F129: 14.5 | G129: 13.9 | H129: 14.3 | I129: 13.7 | J129: 15.5 | K129: 17.2 | L129: 18.3 | M129: 19.5 | N129: 20.7 | O129: 22.2 | P129: 23.2 | Q129: 22.7 | R129: 23.7 | S129: 23.6 | T129: 22.9 | U129: 22.5 | V129: 21.8 | W129: 20.8 | X129: 18.7 | Y129: 18.1 | Z129: 17.9 | AA129: 16.3 | AB129: Летен период
B130: φе | C130: % | D130: 85.6 | E130: 78.8 | F130: 86.4 | G130: 89.7 | H130: 83.5 | I130: 91.8 | J130: 86.9 | K130: 74.4 | L130: 75.6 | M130: 72.4 | N130: 63.4 | O130: 62.2 | P130: 59.2 | Q130: 56 | R130: 56.4 | S130: 56.5 | T130: 52 | U130: 58.6 | V130: 62 | W130: 61.9 | X130: 75.4 | Y130: 75.1 | Z130: 70.2 | AA130: 82 | AB130: Isol, с | AC130: W/m2 | AD130: 75.4 | AE130: 80.9 | AF130: 80.4 | AG130: 74.2 | AH130: 58
A131: Юли | B131: θе | C131: C | D131: 17.5 | E131: 17.1 | F131: 16.7 | G131: 16.3 | H131: 15.8 | I131: 16.6 | J131: 17.4 | K131: 18.1 | L131: 19.5 | M131: 20.8 | N131: 22.1 | O131: 22.8 | P131: 23.4 | Q131: 24 | R131: 23.9 | S131: 23.7 | T131: 23.5 | U131: 22.9 | V131: 22.2 | W131: 21.5 | X131: 20.5 | Y131: 19.5 | Z131: 18.6 | AA131: 18.1 | AB131: Isol, и | AC131: W/m2 | AD131: 102 | AE131: 111.8 | AF131: 114.3 | AG131: 118 | AH131: 93.9
B132: φе | C132: % | D132: 77.7 | E132: 78.5 | F132: 80.6 | G132: 82.5 | H132: 84.4 | I132: 81.9 | J132: 79.2 | K132: 76.6 | L132: 71.5 | M132: 66.8 | N132: 62.6 | O132: 59.9 | P132: 57.5 | Q132: 55 | R132: 55.9 | S132: 56.7 | T132: 57.6 | U132: 60 | V132: 62.6 | W132: 65.2 | X132: 68.2 | Y132: 71.6 | Z132: 74.7 | AA132: 75.8 | AB132: Isol, ю | AC132: W/m2 | AD132: 83.9 | AE132: 87.9 | AF132: 92.6 | AG132: 115.2 | AH132: 116.2
A133: Август | B133: θе | C133: C | D133: 17.4 | E133: 16.4 | F133: 16.1 | G133: 15.6 | H133: 15 | I133: 15.6 | J133: 16.5 | K133: 17.3 | L133: 18.4 | M133: 20.2 | N133: 22.4 | O133: 23 | P133: 23.9 | Q133: 24.9 | R133: 24.8 | S133: 24.6 | T133: 24.5 | U133: 23.6 | V133: 22.6 | W133: 21.4 | X133: 21 | Y133: 20.3 | Z133: 18.4 | AA133: 18 | AB133: Isol, з | AC133: W/m2 | AD133: 102 | AE133: 111.8 | AF133: 114.3 | AG133: 118 | AH133: 93.9
B134: φе | C134: % | D134: 69.8 | E134: 73.4 | F134: 74.5 | G134: 76.5 | H134: 79.4 | I134: 77.9 | J134: 75.7 | K134: 72.6 | L134: 68.7 | M134: 92.7 | N134: 55.9 | O134: 53.3 | P134: 50.2 | Q134: 46.5 | R134: 46.5 | S134: 46.5 | T134: 46.3 | U134: 49 | V134: 53.1 | W134: 57.5 | X134: 58.7 | Y134: 60.2 | Z134: 66 | AA134: 67.4 | AB134: Isol, хор | AC134: W/m2 | AD134: 182.9 | AE134: 199 | AF134: 204.7 | AG134: 206.8 | AH134: 152
A135: Септември | B135: θе | C135: C | D135: 14.1 | E135: 13.5 | F135: 13.2 | G135: 12.8 | H135: 12.4 | I135: 12.6 | J135: 12.8 | K135: 13.1 | L135: 14.7 | M135: 16.5 | N135: 18.3 | O135: 19.4 | P135: 20.5 | Q135: 21.6 | R135: 21.4 | S135: 21.3 | T135: 21.2 | U135: 20 | V135: 18.8 | W135: 17.6 | X135: 16.8 | Y135: 16 | Z135: 15.2 | AA135: 14.6 | AD135: 17.4 | AE135: 21.1 | AF135: 23.6 | AG135: 23 | AH135: 19.1
B136: φе | C136: % | D136: 72 | E136: 74.3 | F136: 75.5 | G136: 77 | H136: 78.3 | I136: 77.7 | J136: 77 | K136: 76.2 | L136: 69.6 | M136: 63 | N136: 57.6 | O136: 52.8 | P136: 48.8 | Q136: 45.4 | R136: 46 | S136: 46.9 | T136: 48 | U136: 51.6 | V136: 55.9 | W136: 60.4 | X136: 62.9 | Y136: 65.3 | Z136: 67.7 | AA136: 70 | AE136: 4 | AF136: № на климатична зона
...

Sheet Как да ползваме
A2: Това е малка помощ за ползване на таблиците за изчисляване на енергийна ефективност на сгради направена като въпроси и отговори
A4: В: Как се попълва таблицата?
A5: О: Таблицата се попълва само между колонки от A до L като се попълват стойности в оранжевите клетки. Всички останали стойности се получават автоматично. Стойностите и данните след колонка L (от М нататък) са помощни при изчислението на отделните параметри.
A7: В: Защо ги няма всички формули?
A8: О: Разчита се на това че програмата се използва от лице запознато с Наредба №7 и е наясно кое как се получава. Същото важи и за проверяващите органи!
A10: В: Защо в разпечатката не се виждат температурите по месеци?
A11: О: Тъй като изчисленията се правят почасово за цялата година, таблицата става твърде обемиста и в разпечатката се представят само обобщени месечни резултати.
A13: В: Как да променя данните за климатичната зона за която ми трябва да направя изчисления?
A14: О: Просто трябва да въведете номер на климатична зона и всичко се въвежда автоматично.
A16: В: Мога ли да изтривам редове от таблицата?
A17: О: Можете. Таблицата не е защитена по никъкъв начин, но това най-вероятно ще доведе до грешни резултати.
A19: В: Как тогава да скрия неща които не искам да се разпечатват?
... A26: О: ДА! Желателно е да я разпространявате за да могат да се открият евентуални грешки по-бързо (ако повече хора гледат, по-бързо могат да хванат грешките). Програмата се разпространява под свободен лиценз GNU/GPL V2
V27: <<<<<
A28: В: Какво означава този лиценз GNU/GPL V2 ?
A29: О: На практика това означава че можете да разпространявате и променяте както и колкото си искате програмата но трябва да дадете възможност на тези на които я давате да правят същото, т.е. Да не поставят защити (съдържанието на лиценза можете да прочетете тук )
A30: http://bulgaria.sourceforge.net/prava/gplbg.html
A32: В: Кой всъщност е направил програмата и кого мога да питам относно попълването и алгоритъма?
A33: О: Програмата е разработена от инж. Милен Халков и активно тествана от инж. Стефан Маринов. За въпроси e-mail: milen_halkov@mail.bg
A35: В: Програмата много ми харесва и искам да даря на автора за да продължи разработката. Как може да стане това?
A36: О: Свържете се с автора на e-mail: milen_halkov@mail.bg
